Date,Location,Latitude,Longitude,Collection Method,Species,Life Stage,Size_mm,Number,Disposition,Comments
5/25/21,Kachemak Bay/Cook Inlet,59.79384,-151.86244,beach seine,Pacific Sand Lance,Juvenile/Adult,65,1,sacrificed,
5/25/21,Kachemak Bay/Cook Inlet,59.79384,-151.86244,beach seine,Sand Shrimp,Juvenile/Adult,70,1,sacrificed,
5/25/21,Kachemak Bay/Cook Inlet,59.79384,-151.86244,beach seine,Sand Shrimp,Juvenile/Adult,70,1,sacrificed,
5/25/21,Kachemak Bay/Cook Inlet,59.79359,-151.86261,beach seine,Dolly Varden,Juvenile,138,1,sacrificed,
5/25/21,Kachemak Bay/Cook Inlet,59.79359,-151.86261,beach seine,Dolly Varden,Juvenile,122,1,sacrificed,
5/28/21,Kachemak Bay/Cook Inlet,60.049,-151.677,beach seine,Pacific Tom Cod,Juvenile/Adult,150,1,sacrificed,
5/28/21,Kachemak Bay/Cook Inlet,60.049,-151.677,beach seine,Pacific Tom Cod,Juvenile/Adult,155,1,sacrificed,
5/28/21,Kachemak Bay/Cook Inlet,60.049,-151.677,beach seine,Pacific Tom Cod,Juvenile/Adult,176,1,sacrificed,
5/28/21,Kachemak Bay/Cook Inlet,60.049,-151.677,beach seine,Pacific Tom Cod,Juvenile/Adult,153,1,sacrificed,
5/28/21,Kachemak Bay/Cook Inlet,60.049,-151.677,beach seine,Pacific Tom Cod,Juvenile/Adult,154,1,sacrificed,
5/28/21,Kachemak Bay/Cook Inlet,60.05084,-151.68192,beach seine,Surf Smelt,Juvenile,49,1,sacrificed,
5/28/21,Kachemak Bay/Cook Inlet,60.05084,-151.68192,beach seine,Surf Smelt,Juvenile,52,1,sacrificed,
5/28/21,Kachemak Bay/Cook Inlet,60.05084,-151.68192,beach seine,Surf Smelt,Juvenile,57,1,sacrificed,
5/28/21,Kachemak Bay/Cook Inlet,60.05084,-151.68192,beach seine,Surf Smelt,Juvenile,51,1,sacrificed,
5/28/21,Kachemak Bay/Cook Inlet,60.05084,-151.68192,beach seine,Surf Smelt,Juvenile,49,1,sacrificed,
5/28/21,Kachemak Bay/Cook Inlet,60.05084,-151.68192,beach seine,Surf Smelt,Juvenile,53,1,sacrificed,
5/28/21,Kachemak Bay/Cook Inlet,60.05084,-151.68192,beach seine,Surf Smelt,Juvenile,50,1,sacrificed,
5/28/21,Kachemak Bay/Cook Inlet,60.05084,-151.68192,beach seine,Longfin Smelt,Juvenile/Adult,94,1,sacrificed,
5/28/21,Kachemak Bay/Cook Inlet,60.05084,-151.68192,beach seine,Pacific Sand Lance,Juvenile/Adult,71,1,sacrificed,
5/28/21,Kachemak Bay/Cook Inlet,60.05084,-151.68192,beach seine,Pacific Sand Lance,Juvenile/Adult,73,1,sacrificed,
5/28/21,Kachemak Bay/Cook Inlet,60.05058,-151.68237,beach seine,Surf Smelt,Juvenile,44,1,sacrificed,
5/28/21,Kachemak Bay/Cook Inlet,60.05058,-151.68237,beach seine,Surf Smelt,Juvenile,48,1,sacrificed,
5/28/21,Kachemak Bay/Cook Inlet,60.05058,-151.68237,beach seine,Surf Smelt,Juvenile,47,1,sacrificed,
5/28/21,Kachemak Bay/Cook Inlet,60.05058,-151.68237,beach seine,Surf Smelt,Juvenile,45,1,sacrificed,
5/28/21,Kachemak Bay/Cook Inlet,60.05058,-151.68237,beach seine,Surf Smelt,Juvenile,49,1,sacrificed,
5/28/21,Kachemak Bay/Cook Inlet,60.05058,-151.68237,beach seine,Surf Smelt,Juvenile,59,1,sacrificed,
5/28/21,Kachemak Bay/Cook Inlet,60.05058,-151.68237,beach seine,Surf Smelt,Juvenile,49,1,sacrificed,
5/28/21,Kachemak Bay/Cook Inlet,60.05058,-151.68237,beach seine,Surf Smelt,Juvenile,42,1,sacrificed,
5/28/21,Kachemak Bay/Cook Inlet,60.05058,-151.68237,beach seine,Capelin,Juvenile,45,1,sacrificed,
5/28/21,Kachemak Bay/Cook Inlet,60.05058,-151.68237,beach seine,Capelin,Juvenile,43,1,sacrificed,
5/28/21,Kachemak Bay/Cook Inlet,60.05058,-151.68237,beach seine,Capelin,Juvenile,45,1,sacrificed,
6/10/21,Kachemak Bay/Cook Inlet,59.77265,-151.8727,beach seine,Pacific Tom Cod,Juvenile/Adult,255,1,sacrificed,
6/10/21,Kachemak Bay/Cook Inlet,59.77265,-151.8727,beach seine,Pacific Tom Cod,Juvenile/Adult,247,1,sacrificed,
7/13/21,Kachemak Bay/Cook Inlet,59.91447,-151.76028,beach seine,Surf Smelt,Juvenile/Adult,93,1,sacrificed,
7/13/21,Kachemak Bay/Cook Inlet,59.91447,-151.76028,beach seine,Surf Smelt,Juvenile/Adult,82,1,sacrificed,
7/13/21,Kachemak Bay/Cook Inlet,59.91447,-151.76028,beach seine,Surf Smelt,Juvenile/Adult,89,1,sacrificed,
7/13/21,Kachemak Bay/Cook Inlet,59.91447,-151.76028,beach seine,Surf Smelt,Juvenile/Adult,77,1,sacrificed,
7/13/21,Kachemak Bay/Cook Inlet,59.91447,-151.76028,beach seine,Surf Smelt,Juvenile/Adult,82,1,sacrificed,
7/13/21,Kachemak Bay/Cook Inlet,59.91447,-151.76028,beach seine,Surf Smelt,Juvenile/Adult,85,1,sacrificed,
7/13/21,Kachemak Bay/Cook Inlet,59.91447,-151.76028,beach seine,Surf Smelt,Juvenile/Adult,82,1,sacrificed,
7/13/21,Kachemak Bay/Cook Inlet,59.91447,-151.76028,beach seine,Surf Smelt,Juvenile/Adult,83,1,sacrificed,
7/13/21,Kachemak Bay/Cook Inlet,59.91447,-151.76028,beach seine,Surf Smelt,Juvenile/Adult,77,1,sacrificed,
7/13/21,Kachemak Bay/Cook Inlet,59.91447,-151.76028,beach seine,Surf Smelt,Juvenile/Adult,74,1,sacrificed,
7/13/21,Kachemak Bay/Cook Inlet,59.91447,-151.76028,beach seine,Surf Smelt,Juvenile/Adult,78,1,sacrificed,
7/13/21,Kachemak Bay/Cook Inlet,59.91447,-151.76028,beach seine,Surf Smelt,Juvenile/Adult,79,1,sacrificed,
7/13/21,Kachemak Bay/Cook Inlet,59.91447,-151.76028,beach seine,Surf Smelt,Juvenile/Adult,78,1,sacrificed,
7/13/21,Kachemak Bay/Cook Inlet,59.91447,-151.76028,beach seine,Surf Smelt,Juvenile/Adult,85,1,sacrificed,
7/13/21,Kachemak Bay/Cook Inlet,59.91447,-151.76028,beach seine,Surf Smelt,Juvenile/Adult,75,1,sacrificed,
7/13/21,Kachemak Bay/Cook Inlet,59.91447,-151.76028,beach seine,Surf Smelt,Juvenile/Adult,80,1,sacrificed,
7/13/21,Kachemak Bay/Cook Inlet,59.91447,-151.76028,beach seine,Surf Smelt,Juvenile/Adult,84,1,sacrificed,
7/13/21,Kachemak Bay/Cook Inlet,59.91447,-151.76028,beach seine,Surf Smelt,Juvenile/Adult,90,1,sacrificed,
7/13/21,Kachemak Bay/Cook Inlet,59.91447,-151.76028,beach seine,Surf Smelt,Juvenile/Adult,82,1,sacrificed,
7/13/21,Kachemak Bay/Cook Inlet,59.91447,-151.76028,beach seine,Surf Smelt,Juvenile/Adult,85,1,sacrificed,
7/13/21,Kachemak Bay/Cook Inlet,59.91447,-151.76028,beach seine,Surf Smelt,Juvenile/Adult,88,1,sacrificed,
7/13/21,Kachemak Bay/Cook Inlet,59.91447,-151.76028,beach seine,Surf Smelt,Juvenile/Adult,87,1,sacrificed,
7/13/21,Kachemak Bay/Cook Inlet,59.91447,-151.76028,beach seine,Surf Smelt,Juvenile/Adult,84,1,sacrificed,
7/13/21,Kachemak Bay/Cook Inlet,59.91447,-151.76028,beach seine,Surf Smelt,Juvenile/Adult,73,1,sacrificed,
7/13/21,Kachemak Bay/Cook Inlet,59.91447,-151.76028,beach seine,Surf Smelt,Juvenile/Adult,84,1,sacrificed,
7/13/21,Kachemak Bay/Cook Inlet,59.91447,-151.76028,beach seine,Surf Smelt,Juvenile/Adult,90,1,sacrificed,
7/13/21,Kachemak Bay/Cook Inlet,59.91447,-151.76028,beach seine,Surf Smelt,Juvenile/Adult,82,1,sacrificed,
7/13/21,Kachemak Bay/Cook Inlet,59.91447,-151.76028,beach seine,Surf Smelt,Juvenile/Adult,81,1,sacrificed,
7/13/21,Kachemak Bay/Cook Inlet,59.91447,-151.76028,beach seine,Surf Smelt,Juvenile/Adult,79,1,sacrificed,
7/13/21,Kachemak Bay/Cook Inlet,59.91447,-151.76028,beach seine,Surf Smelt,Juvenile/Adult,78,1,sacrificed,
7/13/21,Kachemak Bay/Cook Inlet,59.91447,-151.76028,beach seine,Surf Smelt,Juvenile/Adult,78,1,sacrificed,
7/14/21,Kachemak Bay/Cook Inlet,60.055854,-151.671192,beach seine,Pacific Tom Cod,Juvenile/Adult,158,1,sacrificed,
7/14/21,Kachemak Bay/Cook Inlet,60.055854,-151.671192,beach seine,Pacific Tom Cod,Juvenile/Adult,165,1,sacrificed,
7/14/21,Kachemak Bay/Cook Inlet,60.055854,-151.671192,beach seine,Pacific Tom Cod,Juvenile/Adult,193,1,sacrificed,
7/14/21,Kachemak Bay/Cook Inlet,60.055854,-151.671192,beach seine,Pacific Tom Cod,Juvenile/Adult,180,1,sacrificed,
7/14/21,Kachemak Bay/Cook Inlet,60.055854,-151.671192,beach seine,Pacific Tom Cod,Juvenile/Adult,139,1,sacrificed,
7/14/21,Kachemak Bay/Cook Inlet,60.056787,-151.670486,beach seine,Pacific Tom Cod,Juvenile/Adult,223,1,sacrificed,
7/14/21,Kachemak Bay/Cook Inlet,60.056787,-151.670486,beach seine,Pacific Tom Cod,Juvenile/Adult,161,1,sacrificed,
7/14/21,Kachemak Bay/Cook Inlet,60.056787,-151.670486,beach seine,Pacific Tom Cod,Juvenile/Adult,166,1,sacrificed,
7/14/21,Kachemak Bay/Cook Inlet,60.056787,-151.670486,beach seine,Pacific Tom Cod,Juvenile/Adult,162,1,sacrificed,
7/14/21,Kachemak Bay/Cook Inlet,60.056787,-151.670486,beach seine,Pacific Tom Cod,Juvenile/Adult,154,1,sacrificed,
7/14/21,Kachemak Bay/Cook Inlet,60.056787,-151.670486,beach seine,Pacific Tom Cod,Juvenile/Adult,154,1,sacrificed,
7/14/21,Kachemak Bay/Cook Inlet,60.056787,-151.670486,beach seine,Pacific Tom Cod,Juvenile/Adult,179,1,sacrificed,
7/14/21,Kachemak Bay/Cook Inlet,60.056787,-151.670486,beach seine,Pacific Tom Cod,Juvenile/Adult,161,1,sacrificed,
7/15/21,Kachemak Bay/Cook Inlet,59.769477,-151.871393,beach seine,Surf Smelt,Juvenile/Adult,72,1,sacrificed,
7/15/21,Kachemak Bay/Cook Inlet,59.769477,-151.871393,beach seine,Surf Smelt,Juvenile/Adult,74,1,sacrificed,
7/15/21,Kachemak Bay/Cook Inlet,59.769477,-151.871393,beach seine,Surf Smelt,Juvenile/Adult,68,1,sacrificed,
7/15/21,Kachemak Bay/Cook Inlet,59.769477,-151.871393,beach seine,Surf Smelt,Juvenile/Adult,62,1,sacrificed,
7/15/21,Kachemak Bay/Cook Inlet,59.769477,-151.871393,beach seine,Surf Smelt,Juvenile/Adult,72,1,sacrificed,
7/15/21,Kachemak Bay/Cook Inlet,59.769477,-151.871393,beach seine,Surf Smelt,Juvenile/Adult,157,1,sacrificed,
7/15/21,Kachemak Bay/Cook Inlet,59.769477,-151.871393,beach seine,Surf Smelt,Juvenile/Adult,85,1,sacrificed,
7/15/21,Kachemak Bay/Cook Inlet,59.769477,-151.871393,beach seine,Surf Smelt,Juvenile/Adult,156,1,sacrificed,
7/15/21,Kachemak Bay/Cook Inlet,59.769477,-151.871393,beach seine,Pink Salmon,Adult,170,1,sacrificed,
7/15/21,Kachemak Bay/Cook Inlet,59.769477,-151.871393,beach seine,Pacific Herring,Juvenile/Adult,126,1,sacrificed,
7/15/21,Kachemak Bay/Cook Inlet,59.769477,-151.871393,beach seine,Pacific Herring,Juvenile/Adult,101,1,sacrificed,
7/15/21,Kachemak Bay/Cook Inlet,59.769477,-151.871393,beach seine,Pacific Herring,Juvenile/Adult,98,1,sacrificed,
7/15/21,Kachemak Bay/Cook Inlet,59.769477,-151.871393,beach seine,Pacific Herring,Juvenile/Adult,106,1,sacrificed,
7/15/21,Kachemak Bay/Cook Inlet,59.769477,-151.871393,beach seine,Pacific Herring,Juvenile/Adult,104,1,sacrificed,
7/15/21,Kachemak Bay/Cook Inlet,59.769477,-151.871393,beach seine,Pacific Herring,Juvenile/Adult,101,1,sacrificed,
7/15/21,Kachemak Bay/Cook Inlet,59.769477,-151.871393,beach seine,Pacific Herring,Juvenile/Adult,112,1,sacrificed,
7/15/21,Kachemak Bay/Cook Inlet,59.769477,-151.871393,beach seine,Pacific Herring,Juvenile/Adult,100,1,sacrificed,
7/15/21,Kachemak Bay/Cook Inlet,59.769477,-151.871393,beach seine,Pacific Herring,Juvenile/Adult,97,1,sacrificed,
7/15/21,Kachemak Bay/Cook Inlet,59.769477,-151.871393,beach seine,Pacific Herring,Juvenile/Adult,96,1,sacrificed,
7/15/21,Kachemak Bay/Cook Inlet,59.769477,-151.871393,beach seine,Pacific Herring,Juvenile/Adult,141,1,sacrificed,
7/15/21,Kachemak Bay/Cook Inlet,59.769477,-151.871393,beach seine,Pacific Tom Cod,Juvenile/Adult,230,1,sacrificed,
7/15/21,Kachemak Bay/Cook Inlet,59.769477,-151.871393,beach seine,Pacific Tom Cod,Juvenile/Adult,178,1,sacrificed,
7/15/21,Kachemak Bay/Cook Inlet,59.769477,-151.871393,beach seine,Pacific Tom Cod,Juvenile/Adult,196,1,sacrificed,
7/15/21,Kachemak Bay/Cook Inlet,59.769477,-151.871393,beach seine,Pacific Tom Cod,Juvenile/Adult,188,1,sacrificed,
7/15/21,Kachemak Bay/Cook Inlet,59.767876,-151.871277,beach seine,Surf Smelt,Juvenile/Adult,71,1,sacrificed,
7/15/21,Kachemak Bay/Cook Inlet,59.767876,-151.871277,beach seine,Surf Smelt,Juvenile/Adult,68,1,sacrificed,
7/15/21,Kachemak Bay/Cook Inlet,59.767876,-151.871277,beach seine,Surf Smelt,Juvenile/Adult,58,1,sacrificed,
7/15/21,Kachemak Bay/Cook Inlet,59.767876,-151.871277,beach seine,Surf Smelt,Juvenile/Adult,61,1,sacrificed,
7/15/21,Kachemak Bay/Cook Inlet,59.767876,-151.871277,beach seine,Surf Smelt,Juvenile/Adult,73,1,sacrificed,
8/9/21,Kachemak Bay/Cook Inlet,59.91248,-151.76138,beach seine,Pacific Tom Cod,Juvenile/Adult,193,1,sacrificed,
8/9/21,Kachemak Bay/Cook Inlet,59.91248,-151.76138,beach seine,Pacific Tom Cod,Juvenile/Adult,212,1,sacrificed,
8/9/21,Kachemak Bay/Cook Inlet,59.91248,-151.76138,beach seine,Longfin Smelt,Juvenile/Adult,121,1,sacrificed,
8/9/21,Kachemak Bay/Cook Inlet,59.91248,-151.76138,beach seine,Longfin Smelt,Juvenile/Adult,113,1,sacrificed,
8/9/21,Kachemak Bay/Cook Inlet,59.91248,-151.76138,beach seine,Longfin Smelt,Juvenile/Adult,114,1,sacrificed,
8/9/21,Kachemak Bay/Cook Inlet,59.91444,-151.76044,beach seine,Surf Smelt,Juvenile/Adult,180,1,sacrificed,
8/9/21,Kachemak Bay/Cook Inlet,59.91444,-151.76044,beach seine,Surf Smelt,Juvenile/Adult,167,1,sacrificed,
8/9/21,Kachemak Bay/Cook Inlet,59.91444,-151.76044,beach seine,Pacific Tom Cod,Juvenile/Adult,210,1,sacrificed,
8/9/21,Kachemak Bay/Cook Inlet,59.91444,-151.76044,beach seine,Pacific Tom Cod,Juvenile/Adult,240,1,sacrificed,
8/9/21,Kachemak Bay/Cook Inlet,59.91444,-151.76044,beach seine,Pacific Tom Cod,Juvenile/Adult,114,1,sacrificed,
8/9/21,Kachemak Bay/Cook Inlet,59.91444,-151.76044,beach seine,Pacific Tom Cod,Juvenile/Adult,260,1,sacrificed,
8/9/21,Kachemak Bay/Cook Inlet,59.91444,-151.76044,beach seine,Pacific Tom Cod,Juvenile/Adult,210,1,sacrificed,
8/9/21,Kachemak Bay/Cook Inlet,59.91444,-151.76044,beach seine,Pacific Tom Cod,Juvenile/Adult,199,1,sacrificed,
8/9/21,Kachemak Bay/Cook Inlet,59.91444,-151.76044,beach seine,Pacific Tom Cod,Juvenile/Adult,197,1,sacrificed,
8/9/21,Kachemak Bay/Cook Inlet,59.91444,-151.76044,beach seine,Pacific Tom Cod,Juvenile/Adult,202,1,sacrificed,
8/9/21,Kachemak Bay/Cook Inlet,59.91444,-151.76044,beach seine,Pacific Tom Cod,Juvenile/Adult,210,1,sacrificed,
8/9/21,Kachemak Bay/Cook Inlet,59.91444,-151.76044,beach seine,Longfin Smelt,Juvenile/Adult,130,1,sacrificed,
8/9/21,Kachemak Bay/Cook Inlet,59.91614,-151.75836,beach seine,Surf Smelt,Juvenile/Adult,87,1,sacrificed,
8/9/21,Kachemak Bay/Cook Inlet,59.91614,-151.75836,beach seine,Surf Smelt,Juvenile/Adult,151,1,sacrificed,
8/9/21,Kachemak Bay/Cook Inlet,59.91614,-151.75836,beach seine,Surf Smelt,Juvenile/Adult,88,1,sacrificed,
8/9/21,Kachemak Bay/Cook Inlet,59.91614,-151.75836,beach seine,Surf Smelt,Juvenile/Adult,61,1,sacrificed,
8/9/21,Kachemak Bay/Cook Inlet,59.91614,-151.75836,beach seine,Dolly Varden,Adult,300,1,sacrificed,
8/9/21,Kachemak Bay/Cook Inlet,59.91614,-151.75836,beach seine,Dolly Varden,Juvenile/Adult,225,1,sacrificed,
8/11/21,Kachemak Bay/Cook Inlet,60.05426,-151.67136,beach seine,Surf Smelt,Juvenile/Adult,104,1,sacrificed,
8/11/21,Kachemak Bay/Cook Inlet,60.05426,-151.67136,beach seine,Surf Smelt,Juvenile/Adult,88,1,sacrificed,
8/11/21,Kachemak Bay/Cook Inlet,60.05426,-151.67136,beach seine,Dolly Varden,Juvenile/Adult,204,1,sacrificed,
8/11/21,Kachemak Bay/Cook Inlet,60.05426,-151.67136,beach seine,Pacific Tom Cod,Juvenile/Adult,195,1,sacrificed,
8/11/21,Kachemak Bay/Cook Inlet,60.05426,-151.67136,beach seine,Pacific Tom Cod,Juvenile/Adult,214,1,sacrificed,
8/11/21,Kachemak Bay/Cook Inlet,60.05635,-151.67194,beach seine,Pacific Tom Cod,Juvenile/Adult,180,1,sacrificed,
8/11/21,Kachemak Bay/Cook Inlet,60.05635,-151.67194,beach seine,Pacific Tom Cod,Juvenile/Adult,225,1,sacrificed,
8/11/21,Kachemak Bay/Cook Inlet,60.05635,-151.67194,beach seine,Pacific Tom Cod,Juvenile/Adult,187,1,sacrificed,
8/11/21,Kachemak Bay/Cook Inlet,60.05635,-151.67194,beach seine,Pacific Tom Cod,Juvenile/Adult,251,1,sacrificed,
8/11/21,Kachemak Bay/Cook Inlet,60.05635,-151.67194,beach seine,Pacific Tom Cod,Juvenile/Adult,230,1,sacrificed,
8/11/21,Kachemak Bay/Cook Inlet,60.05727,-151.66937,beach seine,Pacific Tom Cod,Juvenile/Adult,233,1,sacrificed,
8/11/21,Kachemak Bay/Cook Inlet,60.05727,-151.66937,beach seine,Pacific Tom Cod,Juvenile/Adult,236,1,sacrificed,
8/11/21,Kachemak Bay/Cook Inlet,60.05727,-151.66937,beach seine,Dolly Varden,Juvenile/Adult,210,1,sacrificed,
8/12/21,Kachemak Bay/Cook Inlet,59.76677,-151.86861,beach seine,Pacific Tom Cod,Juvenile/Adult,200,1,sacrificed,
8/12/21,Kachemak Bay/Cook Inlet,59.76677,-151.86861,beach seine,Pacific Tom Cod,Juvenile/Adult,246,1,sacrificed,
8/12/21,Kachemak Bay/Cook Inlet,59.76677,-151.86861,beach seine,Pacific Tom Cod,Juvenile/Adult,199,1,sacrificed,
8/12/21,Kachemak Bay/Cook Inlet,59.76677,-151.86861,beach seine,Pacific Tom Cod,Juvenile/Adult,214,1,sacrificed,
8/12/21,Kachemak Bay/Cook Inlet,59.76677,-151.86861,beach seine,Pacific Tom Cod,Juvenile/Adult,178,1,sacrificed,
8/12/21,Kachemak Bay/Cook Inlet,59.76677,-151.86861,beach seine,Dungeness Crab,Juvenile/Adult,163,1,sacrificed,
8/12/21,Kachemak Bay/Cook Inlet,59.76677,-151.86861,beach seine,Dungeness Crab,Juvenile/Adult,141,1,sacrificed,
8/12/21,Kachemak Bay/Cook Inlet,59.76735,-151.87105,beach seine,Surf Smelt,Juvenile/Adult,75,1,sacrificed,
8/12/21,Kachemak Bay/Cook Inlet,59.76735,-151.87105,beach seine,Surf Smelt,Juvenile/Adult,86,1,sacrificed,
8/12/21,Kachemak Bay/Cook Inlet,59.76735,-151.87105,beach seine,Saffron Cod,Juvenile/Adult,64,1,sacrificed,
8/12/21,Kachemak Bay/Cook Inlet,59.76735,-151.87105,beach seine,Saffron Cod,Juvenile/Adult,71,1,sacrificed,
8/12/21,Kachemak Bay/Cook Inlet,59.76735,-151.87105,beach seine,Pacific Herring,Juvenile,36,1,sacrificed,
9/7/21,Kachemak Bay/Cook Inlet,59.91623,-151.75902,beach seine,Pacific Tom Cod,Juvenile/Adult,87,1,sacrificed,
9/7/21,Kachemak Bay/Cook Inlet,59.91623,-151.75902,beach seine,Pacific Tom Cod,Juvenile/Adult,70,1,sacrificed,
9/7/21,Kachemak Bay/Cook Inlet,59.91623,-151.75902,beach seine,Pacific Tom Cod,Juvenile/Adult,90,1,sacrificed,
9/7/21,Kachemak Bay/Cook Inlet,59.91623,-151.75902,beach seine,Pacific Sand Lance,Juvenile/Adult,52,1,sacrificed,
9/7/21,Kachemak Bay/Cook Inlet,59.91623,-151.75902,beach seine,Pacific Sand Lance,Juvenile/Adult,100,1,sacrificed,
9/7/21,Kachemak Bay/Cook Inlet,59.91623,-151.75902,beach seine,Pacific Sand Lance,Juvenile/Adult,52,1,sacrificed,
9/7/21,Kachemak Bay/Cook Inlet,59.91623,-151.75902,beach seine,Pacific Sand Lance,Juvenile/Adult,57,1,sacrificed,
9/7/21,Kachemak Bay/Cook Inlet,59.91623,-151.75902,beach seine,Pacific Sand Lance,Juvenile/Adult,52,1,sacrificed,
9/7/21,Kachemak Bay/Cook Inlet,59.91623,-151.75902,beach seine,Pacific Sand Lance,Juvenile/Adult,92,1,sacrificed,
9/7/21,Kachemak Bay/Cook Inlet,59.91623,-151.75902,beach seine,Pacific Sand Lance,Juvenile/Adult,90,1,sacrificed,
9/7/21,Kachemak Bay/Cook Inlet,59.91623,-151.75902,beach seine,Pacific Sand Lance,Juvenile/Adult,90,1,sacrificed,
9/7/21,Kachemak Bay/Cook Inlet,59.91623,-151.75902,beach seine,Pacific Sand Lance,Juvenile/Adult,53,1,sacrificed,
9/7/21,Kachemak Bay/Cook Inlet,59.91623,-151.75902,beach seine,Pacific Sand Lance,Juvenile/Adult,90,1,sacrificed,
9/7/21,Kachemak Bay/Cook Inlet,59.91623,-151.75902,beach seine,Pacific Sand Lance,Juvenile/Adult,92,1,sacrificed,
9/7/21,Kachemak Bay/Cook Inlet,59.91623,-151.75902,beach seine,Pacific Sand Lance,Juvenile/Adult,97,1,sacrificed,
9/7/21,Kachemak Bay/Cook Inlet,59.91623,-151.75902,beach seine,Pacific Sand Lance,Juvenile/Adult,80,1,sacrificed,
9/7/21,Kachemak Bay/Cook Inlet,59.91623,-151.75902,beach seine,Pacific Sand Lance,Juvenile/Adult,90,1,sacrificed,
9/7/21,Kachemak Bay/Cook Inlet,59.91623,-151.75902,beach seine,Pacific Sand Lance,Juvenile/Adult,95,1,sacrificed,
9/7/21,Kachemak Bay/Cook Inlet,59.91623,-151.75902,beach seine,Pacific Sand Lance,Juvenile/Adult,90,1,sacrificed,
9/7/21,Kachemak Bay/Cook Inlet,59.91623,-151.75902,beach seine,Surf Smelt,Juvenile/Adult,96,1,sacrificed,
9/7/21,Kachemak Bay/Cook Inlet,59.91623,-151.75902,beach seine,Surf Smelt,Juvenile/Adult,120,1,sacrificed,
9/7/21,Kachemak Bay/Cook Inlet,59.91623,-151.75902,beach seine,Surf Smelt,Juvenile/Adult,109,1,sacrificed,
9/7/21,Kachemak Bay/Cook Inlet,59.91623,-151.75902,beach seine,Surf Smelt,Juvenile/Adult,126,1,sacrificed,
9/7/21,Kachemak Bay/Cook Inlet,59.91623,-151.75902,beach seine,Surf Smelt,Juvenile/Adult,110,1,sacrificed,
9/7/21,Kachemak Bay/Cook Inlet,59.91623,-151.75902,beach seine,Surf Smelt,Juvenile/Adult,129,1,sacrificed,
9/7/21,Kachemak Bay/Cook Inlet,59.91623,-151.75902,beach seine,Surf Smelt,Juvenile/Adult,99,1,sacrificed,
9/7/21,Kachemak Bay/Cook Inlet,59.91623,-151.75902,beach seine,Surf Smelt,Juvenile/Adult,114,1,sacrificed,
9/7/21,Kachemak Bay/Cook Inlet,59.91623,-151.75902,beach seine,Surf Smelt,Juvenile/Adult,103,1,sacrificed,
9/7/21,Kachemak Bay/Cook Inlet,59.91623,-151.75902,beach seine,Surf Smelt,Juvenile/Adult,110,1,sacrificed,
9/7/21,Kachemak Bay/Cook Inlet,59.91623,-151.75902,beach seine,Saffron Cod,Juvenile,73,1,sacrificed,
9/7/21,Kachemak Bay/Cook Inlet,59.91623,-151.75902,beach seine,Saffron Cod,Juvenile,53,1,sacrificed,
9/7/21,Kachemak Bay/Cook Inlet,59.91623,-151.75902,beach seine,Pacific Herring,Juvenile,53,1,sacrificed,
9/7/21,Kachemak Bay/Cook Inlet,59.91623,-151.75902,beach seine,Pacific Herring,Juvenile,43,1,sacrificed,
9/7/21,Kachemak Bay/Cook Inlet,59.91623,-151.75902,beach seine,Pacific Herring,Juvenile,44,1,sacrificed,
9/7/21,Kachemak Bay/Cook Inlet,59.91715,-151.75774,beach seine,Saffron Cod,Juvenile,74,1,sacrificed,
9/7/21,Kachemak Bay/Cook Inlet,59.91715,-151.75774,beach seine,Pacific Tom Cod,Juvenile/Adult,219,1,sacrificed,
9/7/21,Kachemak Bay/Cook Inlet,59.91715,-151.75774,beach seine,Pacific Tom Cod,Juvenile/Adult,81,1,sacrificed,
9/7/21,Kachemak Bay/Cook Inlet,59.91715,-151.75774,beach seine,Pacific Tom Cod,Juvenile/Adult,85,1,sacrificed,
9/7/21,Kachemak Bay/Cook Inlet,59.91715,-151.75774,beach seine,Pacific Herring,Juvenile,60,1,sacrificed,
9/7/21,Kachemak Bay/Cook Inlet,59.91541,-151.75961,beach seine,Pacific Sand Lance,Juvenile/Adult,59,1,sacrificed,
9/7/21,Kachemak Bay/Cook Inlet,59.91541,-151.75961,beach seine,Pacific Tom Cod,Juvenile/Adult,96,1,sacrificed,
9/7/21,Kachemak Bay/Cook Inlet,59.91541,-151.75961,beach seine,Pacific Tom Cod,Juvenile/Adult,92,1,sacrificed,
9/7/21,Kachemak Bay/Cook Inlet,59.91541,-151.75961,beach seine,Pacific Tom Cod,Juvenile/Adult,78,1,sacrificed,
9/7/21,Kachemak Bay/Cook Inlet,59.91541,-151.75961,beach seine,Pacific Tom Cod,Juvenile/Adult,81,1,sacrificed,
9/8/21,Kachemak Bay/Cook Inlet,60.05757,-151.66968,beach seine,Longfin Smelt,Juvenile/Adult,115,1,sacrificed,
9/8/21,Kachemak Bay/Cook Inlet,60.05757,-151.66968,beach seine,Dolly Varden,Juvenile/Adult,237,1,sacrificed,
9/8/21,Kachemak Bay/Cook Inlet,60.05757,-151.66968,beach seine,Dolly Varden,Juvenile/Adult,154,1,sacrificed,
9/8/21,Kachemak Bay/Cook Inlet,60.05757,-151.66968,beach seine,Dolly Varden,Juvenile/Adult,163,1,sacrificed,
9/8/21,Kachemak Bay/Cook Inlet,60.05757,-151.66968,beach seine,Pacific Tom Cod,Juvenile/Adult,84,1,sacrificed,
9/8/21,Kachemak Bay/Cook Inlet,60.05757,-151.66968,beach seine,Pacific Tom Cod,Juvenile/Adult,84,1,sacrificed,
9/8/21,Kachemak Bay/Cook Inlet,60.05757,-151.66968,beach seine,Pacific Tom Cod,Juvenile/Adult,78,1,sacrificed,
9/8/21,Kachemak Bay/Cook Inlet,60.05757,-151.66968,beach seine,Pacific Tom Cod,Juvenile/Adult,188,1,sacrificed,
9/8/21,Kachemak Bay/Cook Inlet,60.05757,-151.66968,beach seine,Pacific Cod,Juvenile/Adult,101,1,sacrificed,
9/8/21,Kachemak Bay/Cook Inlet,60.05757,-151.66968,beach seine,Pacific Cod,Juvenile/Adult,83,1,sacrificed,
9/8/21,Kachemak Bay/Cook Inlet,60.05757,-151.66968,beach seine,Pacific Cod,Juvenile/Adult,109,1,sacrificed,
9/8/21,Kachemak Bay/Cook Inlet,60.05757,-151.66968,beach seine,Pacific Cod,Juvenile/Adult,98,1,sacrificed,
9/8/21,Kachemak Bay/Cook Inlet,60.05757,-151.66968,beach seine,Pacific Cod,Juvenile/Adult,111,1,sacrificed,
9/8/21,Kachemak Bay/Cook Inlet,60.05757,-151.66968,beach seine,Pacific Cod,Juvenile/Adult,104,1,sacrificed,
9/8/21,Kachemak Bay/Cook Inlet,60.05757,-151.66968,beach seine,Pacific Cod,Juvenile/Adult,100,1,sacrificed,
9/8/21,Kachemak Bay/Cook Inlet,60.05757,-151.66968,beach seine,Pacific Cod,Juvenile/Adult,101,1,sacrificed,
9/8/21,Kachemak Bay/Cook Inlet,60.05757,-151.66968,beach seine,Pacific Cod,Juvenile/Adult,102,1,sacrificed,
9/8/21,Kachemak Bay/Cook Inlet,60.05757,-151.66968,beach seine,Pacific Cod,Juvenile/Adult,81,1,sacrificed,
9/8/21,Kachemak Bay/Cook Inlet,60.05757,-151.66968,beach seine,Surf Smelt,Juvenile/Adult,112,1,sacrificed,
9/8/21,Kachemak Bay/Cook Inlet,60.05757,-151.66968,beach seine,Surf Smelt,Juvenile/Adult,110,1,sacrificed,
9/8/21,Kachemak Bay/Cook Inlet,60.05757,-151.66968,beach seine,Surf Smelt,Juvenile/Adult,115,1,sacrificed,
9/8/21,Kachemak Bay/Cook Inlet,60.05757,-151.66968,beach seine,Surf Smelt,Juvenile/Adult,89,1,sacrificed,
9/8/21,Kachemak Bay/Cook Inlet,60.05757,-151.66968,beach seine,Surf Smelt,Juvenile/Adult,102,1,sacrificed,
9/8/21,Kachemak Bay/Cook Inlet,60.05757,-151.66968,beach seine,Surf Smelt,Juvenile/Adult,114,1,sacrificed,
9/8/21,Kachemak Bay/Cook Inlet,60.05757,-151.66968,beach seine,Surf Smelt,Juvenile/Adult,108,1,sacrificed,
9/8/21,Kachemak Bay/Cook Inlet,60.05757,-151.66968,beach seine,Surf Smelt,Juvenile/Adult,98,1,sacrificed,
9/8/21,Kachemak Bay/Cook Inlet,60.05757,-151.66968,beach seine,Surf Smelt,Juvenile/Adult,102,1,sacrificed,
9/8/21,Kachemak Bay/Cook Inlet,60.05757,-151.66968,beach seine,Surf Smelt,Juvenile/Adult,89,1,sacrificed,
9/8/21,Kachemak Bay/Cook Inlet,60.05577,-151.66978,beach seine,Pacific Tom Cod,Juvenile/Adult,80,1,sacrificed,
9/8/21,Kachemak Bay/Cook Inlet,60.05577,-151.66978,beach seine,Pacific Tom Cod,Juvenile/Adult,85,1,sacrificed,
9/8/21,Kachemak Bay/Cook Inlet,60.05577,-151.66978,beach seine,Pacific Tom Cod,Juvenile/Adult,104,1,sacrificed,
9/8/21,Kachemak Bay/Cook Inlet,60.05577,-151.66978,beach seine,Pacific Tom Cod,Juvenile/Adult,92,1,sacrificed,
9/8/21,Kachemak Bay/Cook Inlet,60.05577,-151.66978,beach seine,Pacific Tom Cod,Juvenile/Adult,88,1,sacrificed,
9/8/21,Kachemak Bay/Cook Inlet,60.05577,-151.66978,beach seine,Longfin Smelt,Juvenile/Adult,107,1,sacrificed,
9/8/21,Kachemak Bay/Cook Inlet,60.05577,-151.66978,beach seine,Longfin Smelt,Juvenile/Adult,119,1,sacrificed,
9/8/21,Kachemak Bay/Cook Inlet,60.05577,-151.66978,beach seine,Longfin Smelt,Juvenile/Adult,110,1,sacrificed,
9/8/21,Kachemak Bay/Cook Inlet,60.05577,-151.66978,beach seine,Longfin Smelt,Juvenile/Adult,115,1,sacrificed,
9/8/21,Kachemak Bay/Cook Inlet,60.05577,-151.66978,beach seine,Longfin Smelt,Juvenile/Adult,104,1,sacrificed,
9/8/21,Kachemak Bay/Cook Inlet,60.05532,-151.67213,beach seine,Pacific Tom Cod,Juvenile/Adult,101,1,sacrificed,
9/8/21,Kachemak Bay/Cook Inlet,60.05532,-151.67213,beach seine,Longfin Smelt,Juvenile/Adult,118,1,sacrificed,
9/8/21,Kachemak Bay/Cook Inlet,60.05532,-151.67213,beach seine,Longfin Smelt,Juvenile/Adult,111,1,sacrificed,
9/8/21,Kachemak Bay/Cook Inlet,60.05532,-151.67213,beach seine,Longfin Smelt,Juvenile/Adult,114,1,sacrificed,
9/9/21,Kachemak Bay/Cook Inlet,59.76953,-151.87015,beach seine,Pacific Tom Cod,Juvenile/Adult,189,1,sacrificed,
9/9/21,Kachemak Bay/Cook Inlet,59.76953,-151.87015,beach seine,Pacific Tom Cod,Juvenile/Adult,224,1,sacrificed,
9/9/21,Kachemak Bay/Cook Inlet,59.76953,-151.87015,beach seine,Pacific Tom Cod,Juvenile/Adult,223,1,sacrificed,
9/9/21,Kachemak Bay/Cook Inlet,59.76953,-151.87015,beach seine,Pacific Tom Cod,Juvenile/Adult,217,1,sacrificed,
9/9/21,Kachemak Bay/Cook Inlet,59.76953,-151.87015,beach seine,Pacific Sand Lance,Juvenile,58,1,sacrificed,
9/9/21,Kachemak Bay/Cook Inlet,59.76953,-151.87015,beach seine,Pacific Sand Lance,Juvenile,70,1,sacrificed,
9/9/21,Kachemak Bay/Cook Inlet,59.76953,-151.87015,beach seine,Pacific Sand Lance,Juvenile,50,1,sacrificed,
9/9/21,Kachemak Bay/Cook Inlet,59.76953,-151.87015,beach seine,Pacific Sand Lance,Juvenile,47,1,sacrificed,
9/9/21,Kachemak Bay/Cook Inlet,59.76953,-151.87015,beach seine,Pacific Sand Lance,Juvenile,56,1,sacrificed,
9/9/21,Kachemak Bay/Cook Inlet,59.76953,-151.87015,beach seine,Pacific Sand Lance,Juvenile,52,1,sacrificed,
9/9/21,Kachemak Bay/Cook Inlet,59.76953,-151.87015,beach seine,Pacific Sand Lance,Juvenile,60,1,sacrificed,
9/9/21,Kachemak Bay/Cook Inlet,59.76953,-151.87015,beach seine,Pacific Sand Lance,Juvenile,60,1,sacrificed,
9/9/21,Kachemak Bay/Cook Inlet,59.76953,-151.87015,beach seine,Pacific Sand Lance,Juvenile,55,1,sacrificed,
9/9/21,Kachemak Bay/Cook Inlet,59.76953,-151.87015,beach seine,Pacific Sand Lance,Juvenile,51,1,sacrificed,
9/9/21,Kachemak Bay/Cook Inlet,59.76953,-151.87015,beach seine,Pacific Sand Lance,Juvenile,55,1,sacrificed,
9/9/21,Kachemak Bay/Cook Inlet,59.76953,-151.87015,beach seine,Pacific Sand Lance,Juvenile,57,1,sacrificed,
9/9/21,Kachemak Bay/Cook Inlet,59.76953,-151.87015,beach seine,Pacific Sand Lance,Juvenile,57,1,sacrificed,
9/9/21,Kachemak Bay/Cook Inlet,59.76953,-151.87015,beach seine,Pacific Sand Lance,Juvenile,46,1,sacrificed,
9/9/21,Kachemak Bay/Cook Inlet,59.76953,-151.87015,beach seine,Pacific Sand Lance,Juvenile,68,1,sacrificed,
9/9/21,Kachemak Bay/Cook Inlet,59.76953,-151.87015,beach seine,Pacific Sand Lance,Juvenile,77,1,sacrificed,
9/9/21,Kachemak Bay/Cook Inlet,59.76953,-151.87015,beach seine,Pacific Sand Lance,Juvenile,45,1,sacrificed,
9/9/21,Kachemak Bay/Cook Inlet,59.76953,-151.87015,beach seine,Pacific Sand Lance,Juvenile,47,1,sacrificed,
9/9/21,Kachemak Bay/Cook Inlet,59.76953,-151.87015,beach seine,Pacific Sand Lance,Juvenile,57,1,sacrificed,
9/9/21,Kachemak Bay/Cook Inlet,59.76953,-151.87015,beach seine,Pacific Sand Lance,Juvenile,46,1,sacrificed,
9/9/21,Kachemak Bay/Cook Inlet,59.76953,-151.87015,beach seine,Pacific Sand Lance,Juvenile,68,1,sacrificed,
9/9/21,Kachemak Bay/Cook Inlet,59.76953,-151.87015,beach seine,Pacific Sand Lance,Juvenile,55,1,sacrificed,
9/9/21,Kachemak Bay/Cook Inlet,59.76953,-151.87015,beach seine,Pacific Sand Lance,Juvenile,42,1,sacrificed,
9/9/21,Kachemak Bay/Cook Inlet,59.76953,-151.87015,beach seine,Pacific Sand Lance,Juvenile,58,1,sacrificed,
9/9/21,Kachemak Bay/Cook Inlet,59.76953,-151.87015,beach seine,Pacific Sand Lance,Juvenile,64,1,sacrificed,
9/9/21,Kachemak Bay/Cook Inlet,59.76953,-151.87015,beach seine,Pacific Sand Lance,Juvenile,67,1,sacrificed,
9/9/21,Kachemak Bay/Cook Inlet,59.76953,-151.87015,beach seine,Pacific Sand Lance,Juvenile,50,1,sacrificed,
9/9/21,Kachemak Bay/Cook Inlet,59.76953,-151.87015,beach seine,Pacific Sand Lance,Juvenile,59,1,sacrificed,
9/9/21,Kachemak Bay/Cook Inlet,59.76953,-151.87015,beach seine,Pacific Sand Lance,Juvenile,62,1,sacrificed,
9/9/21,Kachemak Bay/Cook Inlet,59.76953,-151.87015,beach seine,Pacific Sand Lance,Juvenile,54,1,sacrificed,
6/12/21,Kodiak,57.837305,-152.440188,beach seine,Starry Flounder,Juvenile/Adult,195,1,released live,
6/12/21,Kodiak,57.837305,-152.440188,beach seine,Starry Flounder,Juvenile/Adult,156,1,released live,
6/12/21,Kodiak,57.837305,-152.440188,beach seine,Starry Flounder,Juvenile/Adult,201,1,released live,
6/12/21,Kodiak,57.837305,-152.440188,beach seine,Starry Flounder,Juvenile/Adult,165,1,released live,
6/12/21,Kodiak,57.837305,-152.440188,beach seine,Starry Flounder,Juvenile/Adult,185,1,released live,
6/12/21,Kodiak,57.837305,-152.440188,beach seine,Starry Flounder,Juvenile/Adult,,43,sacrificed,
6/12/21,Kodiak,57.837305,-152.440188,beach seine,Staghorn Sculpin,Juvenile/Adult,215,1,sacrificed,
6/12/21,Kodiak,57.837305,-152.440188,beach seine,Pacific Sand Lance,Juvenile/Adult,109,1,sacrificed,
6/12/21,Kodiak,57.837305,-152.440188,beach seine,Sand Sole,Juvenile/Adult,,15,sacrificed,
6/12/21,Kodiak,57.837305,-152.440188,beach seine,Sand Sole,Juvenile/Adult,76,1,released live,
6/12/21,Kodiak,57.837305,-152.440188,beach seine,Sand Sole,Juvenile/Adult,65,1,released live,
6/12/21,Kodiak,57.837305,-152.440188,beach seine,Sand Sole,Juvenile/Adult,107,1,released live,
6/12/21,Kodiak,57.837305,-152.440188,beach seine,Sand Sole,Juvenile/Adult,54,1,released live,
6/12/21,Kodiak,57.837305,-152.440188,beach seine,Sand Sole,Juvenile/Adult,70,1,released live,
6/12/21,Kodiak,57.837305,-152.440188,beach seine,Sand Sole,Juvenile/Adult,56,1,released live,
6/12/21,Kodiak,57.837305,-152.440188,beach seine,Sand Sole,Juvenile/Adult,55,1,released live,
6/12/21,Kodiak,57.837305,-152.440188,beach seine,Sand Sole,Juvenile/Adult,55,1,released live,
6/12/21,Kodiak,57.837305,-152.440188,beach seine,Sand Sole,Juvenile/Adult,66,1,released live,
6/12/21,Kodiak,57.837305,-152.440188,beach seine,Sand Sole,Juvenile/Adult,60,1,released live,
6/12/21,Kodiak,57.837865,-152.439706,beach seine,Starry Flounder,Juvenile/Adult,369,1,sacrificed,
6/12/21,Kodiak,57.837865,-152.439706,beach seine,Starry Flounder,Juvenile/Adult,231,1,released live,
6/12/21,Kodiak,57.837865,-152.439706,beach seine,Starry Flounder,Juvenile/Adult,315,1,released live,
6/12/21,Kodiak,57.837865,-152.439706,beach seine,Starry Flounder,Juvenile/Adult,276,1,released live,
6/12/21,Kodiak,57.837865,-152.439706,beach seine,Starry Flounder,Juvenile/Adult,271,1,released live,
6/12/21,Kodiak,57.837865,-152.439706,beach seine,Starry Flounder,Juvenile/Adult,288,1,released live,
6/12/21,Kodiak,57.837865,-152.439706,beach seine,Starry Flounder,Juvenile/Adult,325,1,released live,
6/12/21,Kodiak,57.837865,-152.439706,beach seine,Starry Flounder,Juvenile/Adult,249,1,released live,
6/12/21,Kodiak,57.837865,-152.439706,beach seine,Starry Flounder,Juvenile/Adult,221,1,released live,
6/12/21,Kodiak,57.837865,-152.439706,beach seine,Starry Flounder,Juvenile/Adult,191,1,released live,
6/12/21,Kodiak,57.837865,-152.439706,beach seine,Starry Flounder,Juvenile/Adult,145,1,released live,
6/12/21,Kodiak,57.837865,-152.439706,beach seine,Starry Flounder,Juvenile/Adult,,19,released live,
6/12/21,Kodiak,57.837865,-152.439706,beach seine,Sand Sole,Juvenile/Adult,110,1,released live,
6/12/21,Kodiak,57.837865,-152.439706,beach seine,Sand Sole,Juvenile/Adult,46,1,released live,
6/12/21,Kodiak,57.837865,-152.439706,beach seine,Sand Sole,Juvenile/Adult,,4,released live,
6/12/21,Kodiak,57.837865,-152.439706,beach seine,Coho Salmon,Juvenile,128,1,sacrificed,
6/12/21,Kodiak,57.837865,-152.439706,beach seine,Coho Salmon,Juvenile,116,1,sacrificed,
6/12/21,Kodiak,57.837865,-152.439706,beach seine,Coho Salmon,Juvenile,112,1,sacrificed,
6/12/21,Kodiak,57.837865,-152.439706,beach seine,Coho Salmon,Juvenile,110,1,sacrificed,
6/12/21,Kodiak,57.837865,-152.439706,beach seine,Coho Salmon,Juvenile,126,1,sacrificed,
6/12/21,Kodiak,57.837865,-152.439706,beach seine,Staghorn Sculpin,Juvenile/Adult,255,1,sacrificed,
6/12/21,Kodiak,57.837865,-152.439706,beach seine,Staghorn Sculpin,Juvenile/Adult,237,1,sacrificed,
6/12/21,Kodiak,57.837865,-152.439706,beach seine,Staghorn Sculpin,Juvenile/Adult,220,1,sacrificed,
6/12/21,Kodiak,57.837865,-152.439706,beach seine,Staghorn Sculpin,Juvenile/Adult,253,1,sacrificed,
6/12/21,Kodiak,57.837865,-152.439706,beach seine,Staghorn Sculpin,Juvenile/Adult,304,1,sacrificed,
6/12/21,Kodiak,57.837865,-152.439706,beach seine,Pacific Sand Lance,Juvenile/Adult,103,1,sacrificed,
6/12/21,Kodiak,57.837865,-152.439706,beach seine,Pacific Sand Lance,Juvenile/Adult,104,1,sacrificed,
6/12/21,Kodiak,57.837865,-152.439706,beach seine,Pacific Sand Lance,Juvenile/Adult,112,1,sacrificed,
6/12/21,Kodiak,57.837865,-152.439706,beach seine,Pacific Sand Lance,Juvenile/Adult,149,1,sacrificed,
6/12/21,Kodiak,57.838213,-152.438729,beach seine,Staghorn Sculpin,Juvenile/Adult,241,1,sacrificed,
6/12/21,Kodiak,57.838213,-152.438729,beach seine,Staghorn Sculpin,Juvenile/Adult,190,1,sacrificed,
6/12/21,Kodiak,57.838213,-152.438729,beach seine,Staghorn Sculpin,Juvenile/Adult,181,1,sacrificed,
6/12/21,Kodiak,57.838213,-152.438729,beach seine,Starry Flounder,Juvenile/Adult,180,1,released live,
6/12/21,Kodiak,57.838213,-152.438729,beach seine,Starry Flounder,Juvenile/Adult,178,1,released live,
6/12/21,Kodiak,57.838213,-152.438729,beach seine,Starry Flounder,Juvenile/Adult,206,1,released live,
6/12/21,Kodiak,57.838213,-152.438729,beach seine,Starry Flounder,Juvenile/Adult,181,1,released live,
6/12/21,Kodiak,57.838213,-152.438729,beach seine,Starry Flounder,Juvenile/Adult,150,1,released live,
6/12/21,Kodiak,57.838213,-152.438729,beach seine,Starry Flounder,Juvenile/Adult,,4,released live,
6/12/21,Kodiak,57.838213,-152.438729,beach seine,Sand Sole,Juvenile/Adult,,1,released live,
6/13/21,Kodiak,57.815108,-152.426264,beach seine,Staghorn Sculpin,Juvenile/Adult,220,1,released live,
6/13/21,Kodiak,57.815108,-152.426264,beach seine,Staghorn Sculpin,Juvenile/Adult,286,1,released live,
6/13/21,Kodiak,57.815108,-152.426264,beach seine,Staghorn Sculpin,Juvenile/Adult,249,1,released live,
6/13/21,Kodiak,57.815108,-152.426264,beach seine,Staghorn Sculpin,Juvenile/Adult,215,1,released live,
6/13/21,Kodiak,57.815108,-152.426264,beach seine,Staghorn Sculpin,Juvenile/Adult,286,1,released live,
6/13/21,Kodiak,57.815108,-152.426264,beach seine,Great Sculpin,Juvenile/Adult,134,1,released live,
6/13/21,Kodiak,57.815108,-152.426264,beach seine,Great Sculpin,Juvenile/Adult,118,1,released live,
6/13/21,Kodiak,57.815108,-152.426264,beach seine,Starry Flounder,Juvenile/Adult,116,1,released live,
6/13/21,Kodiak,57.815108,-152.426264,beach seine,Starry Flounder,Juvenile/Adult,320,1,released live,
6/13/21,Kodiak,57.815108,-152.426264,beach seine,Starry Flounder,Juvenile/Adult,128,1,released live,
6/13/21,Kodiak,57.815108,-152.426264,beach seine,Starry Flounder,Juvenile/Adult,121,1,released live,
6/13/21,Kodiak,57.815108,-152.426264,beach seine,Starry Flounder,Juvenile/Adult,137,1,released live,
6/13/21,Kodiak,57.815108,-152.426264,beach seine,Starry Flounder,Juvenile/Adult,304,1,released live,
6/13/21,Kodiak,57.815108,-152.426264,beach seine,Starry Flounder,Juvenile/Adult,164,1,released live,
6/13/21,Kodiak,57.815108,-152.426264,beach seine,Starry Flounder,Juvenile/Adult,,8,released live,
6/13/21,Kodiak,57.815108,-152.426264,beach seine,Coho Salmon,Juvenile,93,1,released live,
6/13/21,Kodiak,57.815108,-152.426264,beach seine,Coho Salmon,Juvenile,107,1,released live,
6/13/21,Kodiak,57.815108,-152.426264,beach seine,Coho Salmon,Juvenile,110,1,released live,
6/13/21,Kodiak,57.815108,-152.426264,beach seine,Pacific Sand Lance,Juvenile/Adult,150,1,released live,
6/13/21,Kodiak,57.815108,-152.426264,beach seine,Pacific Sand Lance,Juvenile/Adult,108,1,released live,
6/13/21,Kodiak,57.815108,-152.426264,beach seine,Dolly Varden,Juvenile/Adult,193,1,released live,
6/13/21,Kodiak,57.815108,-152.426264,beach seine,Sand Sole,Juvenile/Adult,240,1,released live,
6/13/21,Kodiak,57.815108,-152.426264,beach seine,Sand Sole,Juvenile/Adult,115,1,released live,
6/13/21,Kodiak,57.815108,-152.426264,beach seine,Rock Sole,Juvenile/Adult,200,1,released live,
6/13/21,Kodiak,57.815108,-152.426264,beach seine,Rock Sole,Juvenile/Adult,108,1,released live,
6/13/21,Kodiak,57.814793,-152.424859,beach seine,Starry Flounder,Juvenile/Adult,133,1,released live,
6/13/21,Kodiak,57.814793,-152.424859,beach seine,Starry Flounder,Juvenile/Adult,159,1,released live,
6/13/21,Kodiak,57.814793,-152.424859,beach seine,Starry Flounder,Juvenile/Adult,121,1,released live,
6/13/21,Kodiak,57.814793,-152.424859,beach seine,Starry Flounder,Juvenile/Adult,105,1,released live,
6/13/21,Kodiak,57.814793,-152.424859,beach seine,Starry Flounder,Juvenile/Adult,183,1,released live,
6/13/21,Kodiak,57.814793,-152.424859,beach seine,Sand Sole,Juvenile/Adult,57,1,released live,
6/13/21,Kodiak,57.814793,-152.424859,beach seine,Coho Salmon,Juvenile,,46,released live,
6/13/21,Kodiak,57.814793,-152.424859,beach seine,Coho Salmon,Juvenile,114,1,released live,
6/13/21,Kodiak,57.814793,-152.424859,beach seine,Coho Salmon,Juvenile,113,1,released live,
6/13/21,Kodiak,57.814793,-152.424859,beach seine,Coho Salmon,Juvenile,118,1,released live,
6/13/21,Kodiak,57.814793,-152.424859,beach seine,Coho Salmon,Juvenile,105,1,released live,
6/13/21,Kodiak,57.814793,-152.424859,beach seine,Coho Salmon,Juvenile,112,1,released live,
6/13/21,Kodiak,57.814793,-152.424859,beach seine,Coho Salmon,Juvenile,110,1,released live,
6/13/21,Kodiak,57.814793,-152.424859,beach seine,Coho Salmon,Juvenile,111,1,released live,
6/13/21,Kodiak,57.814793,-152.424859,beach seine,Coho Salmon,Juvenile,97,1,released live,
6/13/21,Kodiak,57.814793,-152.424859,beach seine,Coho Salmon,Juvenile,108,1,released live,
6/13/21,Kodiak,57.814793,-152.424859,beach seine,Coho Salmon,Juvenile,104,1,released live,
6/13/21,Kodiak,57.814793,-152.424859,beach seine,Staghorn Sculpin,Juvenile/Adult,,1,released live,
6/13/21,Kodiak,57.814793,-152.424859,beach seine,Great Sculpin,Juvenile/Adult,108,1,released live,
6/13/21,Kodiak,57.81457,-152.423604,beach seine,Starry Flounder,Juvenile/Adult,217,1,released live,
6/13/21,Kodiak,57.81457,-152.423604,beach seine,Starry Flounder,Juvenile/Adult,128,1,released live,
6/13/21,Kodiak,57.81457,-152.423604,beach seine,Starry Flounder,Juvenile/Adult,72,1,released live,
6/13/21,Kodiak,57.81457,-152.423604,beach seine,Starry Flounder,Juvenile/Adult,,20,released live,
6/13/21,Kodiak,57.81457,-152.423604,beach seine,Staghorn Sculpin,Juvenile/Adult,252,1,released live,
6/13/21,Kodiak,57.81457,-152.423604,beach seine,Staghorn Sculpin,Juvenile/Adult,225,1,released live,
6/13/21,Kodiak,57.81457,-152.423604,beach seine,Staghorn Sculpin,Juvenile/Adult,,5,released live,
6/13/21,Kodiak,57.81457,-152.423604,beach seine,Coho Salmon,Juvenile,109,1,released live,
6/13/21,Kodiak,57.81457,-152.423604,beach seine,Coho Salmon,Juvenile,106,1,released live,
6/13/21,Kodiak,57.81457,-152.423604,beach seine,Coho Salmon,Juvenile,98,1,released live,
6/13/21,Kodiak,57.81457,-152.423604,beach seine,Coho Salmon,Juvenile,,4,released live,
6/13/21,Kodiak,57.81457,-152.423604,beach seine,Sand Sole,Juvenile/Adult,64,1,released live,
6/13/21,Kodiak,57.81457,-152.423604,beach seine,Sand Sole,Juvenile/Adult,,2,released live,
6/13/21,Kodiak,57.81457,-152.423604,beach seine,Masked Greenling,Juvenile/Adult,77,1,released live,
6/30/21,Kachemak Bay/Cook Inlet,59.47233,-151.51973,beach seine,Dolly Varden,Juvenile,128,1,released live,
6/30/21,Kachemak Bay/Cook Inlet,59.47233,-151.51973,beach seine,White Spotted Greenling,Juvenile/Adult,240,1,released live,
6/30/21,Kachemak Bay/Cook Inlet,59.47233,-151.51973,beach seine,Pacific Sand Lance,Juvenile,52,1,sacrificed,
6/30/21,Kachemak Bay/Cook Inlet,59.47233,-151.51973,beach seine,Masked Greenling,Juvenile/Adult,152,1,released live,
6/30/21,Kachemak Bay/Cook Inlet,59.48267,-151.51926,beach seine,Pink Salmon,Juvenile,61,1,sacrificed,
6/30/21,Kachemak Bay/Cook Inlet,59.48267,-151.51926,beach seine,Pink Salmon,Juvenile,61,1,sacrificed,
6/30/21,Kachemak Bay/Cook Inlet,59.48267,-151.51926,beach seine,Pink Salmon,Juvenile,58,1,sacrificed,
6/30/21,Kachemak Bay/Cook Inlet,59.48267,-151.51926,beach seine,Pink Salmon,Juvenile,57,1,sacrificed,
6/30/21,Kachemak Bay/Cook Inlet,59.48267,-151.51926,beach seine,Pink Salmon,Juvenile,59,1,sacrificed,
6/30/21,Kachemak Bay/Cook Inlet,59.48267,-151.51926,beach seine,Pink Salmon,Juvenile,60,1,sacrificed,
7/1/21,Kachemak Bay/Cook Inlet,59.47777,-151.61626,beach seine,Great Sculpin,Juvenile/Adult,105,1,released live,
7/1/21,Kachemak Bay/Cook Inlet,59.47777,-151.61626,beach seine,Great Sculpin,Juvenile/Adult,110,1,released live,
7/1/21,Kachemak Bay/Cook Inlet,59.47777,-151.61626,beach seine,Sharpnose Sculpin,Juvenile/Adult,69,1,released live,
7/1/21,Kachemak Bay/Cook Inlet,59.47777,-151.61626,beach seine,Pink Salmon,Juvenile,60,1,sacrificed,
7/1/21,Kachemak Bay/Cook Inlet,59.47777,-151.61626,beach seine,Pink Salmon,Juvenile,58,1,sacrificed,
7/1/21,Kachemak Bay/Cook Inlet,59.47777,-151.61626,beach seine,Pink Salmon,Juvenile,61,1,sacrificed,
7/1/21,Kachemak Bay/Cook Inlet,59.47777,-151.61626,beach seine,Pink Salmon,Juvenile,62,1,sacrificed,
7/1/21,Kachemak Bay/Cook Inlet,59.47777,-151.61626,beach seine,Pink Salmon,Juvenile,65,1,sacrificed,
7/1/21,Kachemak Bay/Cook Inlet,59.47777,-151.61626,beach seine,Pink Salmon,Juvenile,60,1,sacrificed,
7/1/21,Kachemak Bay/Cook Inlet,59.47773,-151.61708,beach seine,Great Sculpin,Juvenile/Adult,97,1,released live,
7/1/21,Kachemak Bay/Cook Inlet,59.47773,-151.61708,beach seine,Dolly Varden,Juvenile/Adult,270,1,released live,
7/1/21,Kachemak Bay/Cook Inlet,59.47773,-151.61708,beach seine,Dolly Varden,Juvenile/Adult,215,1,released live,
7/1/21,Kachemak Bay/Cook Inlet,59.47773,-151.61708,beach seine,Dolly Varden,Juvenile/Adult,200,1,released live,
7/1/21,Kachemak Bay/Cook Inlet,59.47773,-151.61708,beach seine,Dolly Varden,Juvenile/Adult,145,1,released live,
7/1/21,Kachemak Bay/Cook Inlet,59.47773,-151.61708,beach seine,Dolly Varden,Juvenile/Adult,170,1,released live,
7/1/21,Kachemak Bay/Cook Inlet,59.47778,-151.61792,beach seine,Dolly Varden,Adult,350,1,released live,
7/1/21,Kachemak Bay/Cook Inlet,59.47778,-151.61792,beach seine,Dolly Varden,Juvenile/Adult,140,1,released live,
7/1/21,Kachemak Bay/Cook Inlet,59.47778,-151.61792,beach seine,Great Sculpin,Juvenile/Adult,120,1,released live,
7/1/21,Kachemak Bay/Cook Inlet,59.47778,-151.61792,beach seine,Great Sculpin,Juvenile/Adult,93,1,released live,
7/1/21,Kachemak Bay/Cook Inlet,59.47778,-151.61792,beach seine,Great Sculpin,Juvenile/Adult,104,1,released live,
7/1/21,Kachemak Bay/Cook Inlet,59.47778,-151.61792,beach seine,Great Sculpin,Juvenile/Adult,95,1,released live,
7/1/21,Kachemak Bay/Cook Inlet,59.483,-151.63501,beach seine,Masked Greenling,Juvenile/Adult,300,1,released live,
7/1/21,Kachemak Bay/Cook Inlet,59.483,-151.63501,beach seine,Great Sculpin,Juvenile/Adult,134,1,released live,
7/1/21,Kachemak Bay/Cook Inlet,59.483,-151.63501,beach seine,Great Sculpin,Juvenile/Adult,134,1,released live,
7/1/21,Kachemak Bay/Cook Inlet,59.483,-151.63501,beach seine,Pacific Sand Lance,Juvenile/Adult,52,1,sacrificed,
7/1/21,Kachemak Bay/Cook Inlet,59.483,-151.63501,beach seine,Pacific Sand Lance,Juvenile/Adult,53,1,sacrificed,
7/1/21,Kachemak Bay/Cook Inlet,59.483,-151.63501,beach seine,Pacific Sand Lance,Juvenile/Adult,59,1,sacrificed,
7/1/21,Kachemak Bay/Cook Inlet,59.483,-151.63501,beach seine,Pacific Sand Lance,Juvenile/Adult,55,1,sacrificed,
7/1/21,Kachemak Bay/Cook Inlet,59.483,-151.63501,beach seine,Pacific Sand Lance,Juvenile/Adult,60,1,sacrificed,
7/1/21,Kachemak Bay/Cook Inlet,59.483,-151.63501,beach seine,Pacific Sand Lance,Juvenile/Adult,56,1,sacrificed,
7/1/21,Kachemak Bay/Cook Inlet,59.483,-151.63501,beach seine,Pacific Sand Lance,Juvenile/Adult,61,1,sacrificed,
7/1/21,Kachemak Bay/Cook Inlet,59.483,-151.63501,beach seine,Pacific Sand Lance,Juvenile/Adult,62,1,sacrificed,
7/1/21,Kachemak Bay/Cook Inlet,59.483,-151.63501,beach seine,Pacific Sand Lance,Juvenile/Adult,62,1,sacrificed,
7/1/21,Kachemak Bay/Cook Inlet,59.483,-151.63501,beach seine,Pacific Sand Lance,Juvenile/Adult,61,1,sacrificed,
7/1/21,Kachemak Bay/Cook Inlet,59.483,-151.63501,beach seine,Pacific Sand Lance,Juvenile/Adult,58,1,sacrificed,
7/1/21,Kachemak Bay/Cook Inlet,59.483,-151.63501,beach seine,Pacific Sand Lance,Juvenile/Adult,57,1,sacrificed,
7/1/21,Kachemak Bay/Cook Inlet,59.48354,-151.63568,beach seine,Dolly Varden,Juvenile/Adult,151,1,released live,
7/1/21,Kachemak Bay/Cook Inlet,59.48354,-151.63568,beach seine,Dolly Varden,Juvenile/Adult,141,1,released live,
7/1/21,Kachemak Bay/Cook Inlet,59.48204,-151.62967,beach seine,Great Sculpin,Juvenile/Adult,119,1,released live,
7/1/21,Kachemak Bay/Cook Inlet,59.48204,-151.62967,beach seine,Great Sculpin,Juvenile/Adult,95,1,released live,
7/1/21,Kachemak Bay/Cook Inlet,59.48204,-151.62967,beach seine,Buffalo Sculpin,Juvenile/Adult,72,1,released live,
7/1/21,Kachemak Bay/Cook Inlet,59.48204,-151.62967,beach seine,Rock Sole,Juvenile/Adult,210,1,released live,
7/25/21,Kachemak Bay/Cook Inlet,59.458421,-151.710359,hand collection,Pacific Sand Lance,Juvenile/Adult,,10,released live,
8/21/21,Kachemak Bay/Cook Inlet,59.454517,-151.715413,hand collection,Pacific Sand Lance,Juvenile/Adult,,32,released live,
