SeineID,Common,LifeStage,Count,Length_mm,PSP,Deceased,Notes
220517CP1,Sand Shrimp,,1,48,,,
220517CP1,Sand Shrimp,,1,35,,,
220517CP1,Sand Shrimp,,1,64,,,
220517CP1,Sand Shrimp,,1,39,,,
220517CP1,Sand Shrimp,,1,36,,,
220517CP1,Sand Shrimp,,1,45,,,
220517CP1,Sand Shrimp,,1,50,,,
220517CP1,Alaska Plaice,Juvenile,1,43,,,
220517CP1,Staghorn Sculpin,,1,62,,,
220517CP1,Staghorn Sculpin,,1,72,,,
220517CP1,Rock Sole,,1,37,,,
220517CP1,Unidentified Flatfish,Juvenile,1,39,,,
220517CP1,Unidentified Flatfish,Juvenile,1,31,,,
220517CP1,Snake Prickleback,,1,90,,,
220517CP1,Pacific Halibut,YOY,1,34,,,
220517CP1,Sharpnose Sculpin,,1,44,,,
220517CP2,None,,,,,,
220517CP3,Sand Shrimp,,1,64,,,
220517CP3,Sand Shrimp,,1,35,,,
220517CP3,Sand Shrimp,,1,37,,,
220517CP3,Sand Shrimp,,1,28,,,
220517CP3,Sand Shrimp,,1,82,,,
220517CP3,Sand Shrimp,,1,11,,,
220517CP3,Sand Shrimp,,1,51,,,
220517CP3,Sand Shrimp,,1,50,,,
220517CP3,Sand Shrimp,,1,40,,,
220517CP3,Sand Shrimp,,1,45,,,
220517CP3,Sand Shrimp,,1,54,,,
220517CP3,Sand Shrimp,,1,26,,,
220517CP3,Sand Shrimp,,1,23,,,
220517CP3,Sand Shrimp,,1,37,,,
220517CP3,Rock Sole,,1,88,,,
220517CP3,Three Spine Stickleback,,1,65,,,
220517CP3,Silver Spotted Sculpin,,1,120,,,
220517CP3,Kelp Greenling,,1,50,,,
220517CP3,Kelp Greenling,,1,52,,,
220517CP3,Kelp Greenling,,1,48,,,
220517CP3,Kelp Greenling,,1,50,,,
220517CP3,Kelp Greenling,,1,50,,,
220517CP3,Kelp Greenling,,1,45,,,
220517CP3,Kelp Greenling,,1,51,,,
220517CP3,Kelp Greenling,,1,46,,,
220517CP3,Kelp Greenling,,1,43,,,
220517CP3,Kelp Greenling,,1,45,,,
220517CP3,Kelp Greenling,,1,42,,,
220517CP3,Kelp Greenling,,1,54,,,
220517CP3,Kelp Greenling,,1,52,,,
220517CP3,Kelp Greenling,,1,46,,,
220517CP3,Kelp Greenling,,1,50,,,
220517CP3,Kelp Greenling,,1,52,,,
220517CP3,Kelp Greenling,,1,56,,,
220517CP3,Kelp Greenling,,1,52,,,
220517CP3,Kelp Greenling,,1,42,,,
220517CP3,Kelp Greenling,,1,52,,,
220517CP3,Kelp Greenling,,1,44,,,
220517CP3,Unidentified Flatfish,Juvenile,1,30,,,
220517CP3,Unidentified Flatfish,Juvenile,1,28,,,
220517CP3,Pacific Sand Lance,,1,73,,,
220517CP3,Pacific Sand Lance,,1,75,,,
220517CP3,Unidentified Smelt,YOY,1,31,,,Smelt
220517CP3,Unidentified Smelt,YOY,1,30,,,Smelt
220517CP4,Sand Shrimp,,1,59,,,
220517CP4,Sand Shrimp,,1,56,,,
220517CP4,Sand Shrimp,,1,79,,,
220517CP4,Sand Shrimp,,1,40,,,
220517CP4,Sand Shrimp,,1,38,,,
220517CP4,Sand Shrimp,,1,29,,,
220517CP4,Sand Shrimp,,1,22,,,
220517CP4,Sand Shrimp,,1,31,,,
220517CP4,Sand Shrimp,,1,38,,,
220517CP4,Sand Shrimp,,1,35,,,
220517CP4,Sand Shrimp,,1,40,,,
220517CP4,Sand Shrimp,,1,74,,,
220517CP4,Sand Shrimp,,1,35,,,
220517CP4,Sand Shrimp,,1,36,,,
220517CP4,Sand Shrimp,,1,25,,,
220517CP4,Sand Shrimp,,1,25,,,
220517CP4,Sand Shrimp,,1,33,,,
220517CP4,Sand Shrimp,,1,40,,,
220517CP4,Sand Shrimp,,1,41,,,
220517CP4,Sand Shrimp,,1,50,,,
220517CP4,Snake Prickleback,,1,112,,,
220517CP4,Pacific Sand Lance,,1,78,,,
220517CP4,Unidentified Flatfish,YOY,1,30,,,
220517CP4,Unidentified Flatfish,YOY,1,8,,,
220517CP4,Unidentified Flatfish,YOY,1,15,,,
220517CP4,Unidentified Flatfish,Juvenile,1,35,,,
220517CP4,Unidentified Sculpin,YOY,1,10,,,
220517CP4,Unidentified Sculpin,YOY,1,12,,,
220517CP4,Unidentified Sculpin,YOY,1,12,,,
220517CP4,Unidentified Sculpin,YOY,1,11,,,
220517CP4,Unidentified Sculpin,YOY,1,12,,,
220517CP4,Unidentified Sculpin,YOY,1,20,,,
220517CP4,Slender Eelblenny,YOY,1,31,,1,Voucher
220517CP4,Slender Eelblenny,YOY,1,40,,1,Voucher
220517CP4,Slender Eelblenny,YOY,1,40,,1,Voucher
220517CP4,Slender Eelblenny,YOY,1,40,,1,Voucher
220517CP4,Slender Eelblenny,YOY,1,34,,1,Voucher
220517CP4,Slender Eelblenny,YOY,1,36,,,
220517CP4,Slender Eelblenny,YOY,1,34,,,
220517CP4,Slender Eelblenny,YOY,1,35,,,
220517CP4,Slender Eelblenny,YOY,1,37,,,
220517CP4,Slender Eelblenny,YOY,1,31,,,
220517CP4,Slender Eelblenny,YOY,1,33,,,
220517CP4,Slender Eelblenny,YOY,1,34,,,
220517CP4,Snailfish,Juvenile,1,15,,,
220517CP4,Snailfish,Juvenile,1,13,,,
220517CP4,Unidentified Smelt,YOY,1,31,,,
220517CP4,Unidentified Smelt,YOY,1,35,,,
220517CP4,Unidentified Smelt,YOY,1,30,,,
220517CP4,Unidentified Smelt,YOY,1,29,,,
220517CP4,Unidentified Smelt,YOY,1,36,,,
220517CP4,Dungeness Crab,,1,72,,,
220518PB1,Sand Shrimp,,1,36,,,
220518PB1,Sand Shrimp,,1,39,,,
220518PB1,Sand Shrimp,,1,30,,,
220518PB1,Sand Shrimp,,1,29,,,
220518PB1,Sand Shrimp,,1,36,,,
220518PB1,Sand Shrimp,,1,36,,,
220518PB1,Sand Shrimp,,1,38,,,
220518PB1,Sand Shrimp,,1,28,,,
220518PB1,Sand Shrimp,,1,32,,,
220518PB1,Sand Shrimp,,1,27,,,
220518PB1,Sand Shrimp,,1,27,,,
220518PB1,Sand Shrimp,,1,25,,,
220518PB1,Sand Shrimp,,1,14,,,
220518PB1,Sand Shrimp,,1,35,,,
220518PB1,Sand Shrimp,,1,35,,,
220518PB1,Sand Shrimp,,1,26,,,
220518PB1,Sand Shrimp,,1,35,,,
220518PB1,Sand Shrimp,,1,51,,,
220518PB1,Sand Shrimp,,1,22,,,
220518PB1,Sand Shrimp,,1,31,,,
220518PB1,Sand Shrimp,,1,25,,,
220518PB1,Sand Shrimp,,1,65,,,
220518PB1,Sand Shrimp,,1,72,,,
220518PB1,Sand Shrimp,,1,25,,,
220518PB1,Sand Shrimp,,1,46,,,
220518PB1,Sand Shrimp,,1,50,,,
220518PB1,Sand Shrimp,,1,57,,,
220518PB1,Sand Shrimp,,1,30,,,
220518PB1,Sand Shrimp,,1,39,,,
220518PB1,Sand Shrimp,,1,25,,,
220518PB1,Sand Shrimp,,107,,,,
220518PB1,Dolly Varden,,1,165,,,
220518PB1,Unidentified Sculpin,YOY,1,12,,,
220518PB1,Unidentified Sculpin,YOY,1,12,,,
220518PB1,Unidentified Sculpin,YOY,1,14,,,
220518PB1,Unidentified Sculpin,YOY,1,15,,,
220518PB1,Unidentified Sculpin,YOY,1,12,,,
220518PB1,Unidentified Sculpin,YOY,1,10,,,
220518PB1,Unidentified Sculpin,YOY,1,13,,,
220518PB1,Unidentified Sculpin,YOY,1,14,,,
220518PB1,Unidentified Sculpin,YOY,1,12,,,
220518PB1,Unidentified Sculpin,YOY,1,14,,,
220518PB1,Unidentified Sculpin,YOY,1,14,,,
220518PB1,Unidentified Sculpin,YOY,1,14,,,
220518PB1,Unidentified Sculpin,YOY,1,13,,,
220518PB1,Unidentified Sculpin,YOY,1,12,,,
220518PB1,Unidentified Sculpin,YOY,1,15,,,
220518PB1,Unidentified Sculpin,YOY,1,14,,,
220518PB1,Unidentified Sculpin,YOY,1,14,,,
220518PB1,Unidentified Sculpin,YOY,1,16,,,
220518PB1,Unidentified Sculpin,YOY,1,15,,,
220518PB1,Unidentified Sculpin,YOY,1,14,,,
220518PB1,Unidentified Sculpin,YOY,1,13,,,
220518PB1,Unidentified Sculpin,YOY,1,14,,,
220518PB1,Unidentified Sculpin,YOY,1,13,,,
220518PB1,Unidentified Sculpin,YOY,1,15,,,
220518PB1,Unidentified Sculpin,YOY,1,12,,,
220518PB1,Unidentified Sculpin,YOY,1,15,,,
220518PB1,Unidentified Sculpin,YOY,1,20,,,
220518PB1,Unidentified Sculpin,YOY,1,11,,,
220518PB1,Unidentified Sculpin,YOY,1,13,,,
220518PB1,Unidentified Sculpin,YOY,1,15,,,
220518PB1,Unidentified Sculpin,YOY,170,,,,
220518PB1,Unidentified Flatfish,YOY,1,25,,,
220518PB1,Unidentified Flatfish,YOY,1,24,,,
220518PB1,Unidentified Flatfish,YOY,1,17,,,
220518PB1,Unidentified Flatfish,YOY,1,13,,,
220518PB1,Unidentified Flatfish,YOY,1,13,,,
220518PB1,Unidentified Flatfish,YOY,1,21,,,
220518PB1,Sand Sole,,1,110,,,
220518PB1,Sand Sole,,1,154,,,
220518PB1,English Sole,,1,51,,,
220518PB1,Unidentified Smelt,YOY,1,46,,,
220518PB1,Starry Flounder,,1,227,,,
220518PB1,Starry Flounder,,1,233,,,
220518PB1,Starry Flounder,,1,242,,,
220518PB1,Rock Sole,,1,135,,,
220518PB1,Rock Sole,,1,62,,,
220518PB2,Rock Sole,,1,,,,
220518PB1,Tubenose Poacher,YOY,1,23,,,
220518PB1,Staghorn Sculpin,,1,232,,,
220518PB1,Pacific Sand Lance,,1,79,,,
220518PB1,Pacific Sand Lance,,1,105,,,
220518PB1,Pacific Sand Lance,,1,96,,,
220518PB1,Spotted Snailfish,,1,66,,,
220518PB2,Sand Shrimp,,1,50,,,
220518PB2,Sand Shrimp,,1,35,,,
220518PB2,Sand Shrimp,,1,30,,,
220518PB2,Sand Shrimp,,1,33,,,
220518PB2,Sand Shrimp,,1,40,,,
220518PB2,Sand Shrimp,,1,45,,,
220518PB2,Sand Shrimp,,1,43,,,
220518PB2,Sand Shrimp,,1,40,,,
220518PB2,Sand Shrimp,,1,42,,,
220518PB2,Sand Shrimp,,1,25,,,
220518PB2,Sand Shrimp,,1,30,,,
220518PB2,Sand Shrimp,,1,22,,,
220518PB2,Sand Shrimp,,1,30,,,
220518PB2,Sand Shrimp,,1,29,,,
220518PB2,Sand Shrimp,,1,33,,,
220518PB2,Sand Shrimp,,1,40,,,
220518PB2,Sand Shrimp,,1,47,,,
220518PB2,Sand Shrimp,,1,45,,,
220518PB2,Sand Shrimp,,1,35,,,
220518PB2,Unidentified Sculpin,YOY,1,13,,,
220518PB2,Unidentified Sculpin,YOY,1,12,,,
220518PB2,Unidentified Sculpin,YOY,1,11,,,
220518PB2,Unidentified Sculpin,YOY,1,12,,,
220518PB2,Unidentified Sculpin,YOY,1,15,,,
220518PB2,Unidentified Sculpin,YOY,1,12,,,
220518PB2,Unidentified Sculpin,YOY,1,12,,,
220518PB2,Unidentified Sculpin,YOY,1,12,,,
220518PB2,Unidentified Sculpin,YOY,1,12,,,
220518PB2,Unidentified Sculpin,YOY,1,14,,,
220518PB2,Unidentified Sculpin,YOY,1,12,,,
220518PB2,Unidentified Sculpin,YOY,1,12,,,
220518PB2,Unidentified Sculpin,YOY,1,12,,,
220518PB2,Unidentified Sculpin,YOY,1,15,,,
220518PB2,Unidentified Sculpin,YOY,1,13,,,
220518PB2,Unidentified Sculpin,YOY,1,15,,,
220518PB2,Unidentified Sculpin,YOY,1,15,,,
220518PB2,Unidentified Sculpin,YOY,1,13,,,
220518PB2,Unidentified Sculpin,YOY,1,12,,,
220518PB2,Unidentified Sculpin,YOY,1,12,,,
220518PB2,Unidentified Sculpin,YOY,1,10,,,
220518PB2,Unidentified Sculpin,YOY,1,10,,,
220518PB2,Unidentified Sculpin,YOY,1,14,,,
220518PB2,Unidentified Sculpin,YOY,1,16,,,
220518PB2,Unidentified Sculpin,YOY,1,15,,,
220518PB2,Unidentified Sculpin,YOY,1,14,,,
220518PB2,Unidentified Sculpin,YOY,1,12,,,
220518PB2,Unidentified Sculpin,YOY,1,12,,,
220518PB2,Unidentified Sculpin,YOY,1,14,,,
220518PB2,Unidentified Sculpin,YOY,150,,,,
220518PB2,Masked Greenling,,1,224,,,
220518PB2,Masked Greenling,,1,220,,,
220518PB2,Masked Greenling,,1,270,,,
220518PB2,Masked Greenling,,1,142,,,
220518PB2,Masked Greenling,,1,151,,,
220518PB2,Masked Greenling,,1,128,,,
220518PB2,Masked Greenling,,1,144,,,
220518PB2,Masked Greenling,,1,128,,,
220518PB2,Masked Greenling,,1,247,,,
220518PB2,Masked Greenling,,1,235,,,
220518PB2,Masked Greenling,,1,145,,,
220518PB2,Masked Greenling,,1,129,,,
220518PB2,Masked Greenling,,1,148,,,
220518PB2,Masked Greenling,,1,128,,,
220518PB2,Masked Greenling,,1,118,,,
220518PB2,Masked Greenling,,1,148,,,
220518PB2,Surf Smelt,YOY,1,45,,,
220518PB2,Unidentified Flatfish,YOY,1,25,,,
220518PB2,Unidentified Flatfish,YOY,1,30,,,
220518PB2,Unidentified Flatfish,YOY,1,28,,,
220518PB2,Unidentified Flatfish,Juvenile,1,45,,,
220518PB2,Pacific Sand Lance,,1,65,,,
220518PB2,Pink Salmon,Juvenile,1,35,,,
220518PB2,Pink Salmon,Juvenile,1,32,,,
220518PB2,Pink Salmon,Juvenile,1,34,,,
220518PB2,Rock Greenling,,1,57,,,
220518PB2,Rock Greenling,,1,45,,,
220518PB2,Starry Flounder,,1,206,,,
220518PB2,Crescent Gunnel,,1,135,,,
220518PB2,Crescent Gunnel,,1,145,,,
220518PB2,Crescent Gunnel,,1,155,,,
220518PB2,Crescent Gunnel,,1,147,,,
220518PB2,Crescent Gunnel,,1,120,,,
220518PB2,Crescent Gunnel,,1,172,,,
220518PB2,Crescent Gunnel,,1,135,,,
220518PB2,Crescent Gunnel,,1,117,,,
220518PB2,Crescent Gunnel,,1,147,,,
220518PB2,Rock Sole,,1,146,,,
220518PB2,Rock Sole,,1,100,,,
220518PB2,Rock Sole,,1,123,,,
220518PB2,Armorhead Sculpin,,1,55,,,
220518PB2,Armorhead Sculpin,,1,80,,,
220518PB2,Snailfish,,1,23,,,
220518PB2,Snailfish,,1,25,,,
220518PB2,Hermit Crab,,4,,,,
220518PB3,Surf Smelt,YOY,1,42,,,
220518PB3,Graceful Decorator Crab,,1,10,,,
220518PB3,Graceful Decorator Crab,,1,6,,,
220518PB3,Graceful Decorator Crab,,1,7,,,
220518PB3,Graceful Decorator Crab,,1,15,,,
220518PB3,Graceful Decorator Crab,,1,5,,,
220518PB3,Graceful Decorator Crab,,1,6,,,
220518PB3,Spotted Snailfish,,1,69,,,
220518PB3,Spotted Snailfish,,1,62,,,
220518PB3,Spotted Snailfish,,1,57,,,
220518PB3,English Sole,,1,51,,,
220518PB3,Crescent Gunnel,,1,150,,,
220518PB3,Alaska Plaice,Juvenile,1,110,,,
220518PB3,Tubenose Poacher,YOY,1,22,,,
220518PB3,Sand Sole,,1,219,,,
220518PB3,Sand Sole,,1,53,,,
220518PB3,Sand Sole,,1,70,,,
220518PB3,Sand Sole,,1,75,,,
220518PB3,Sand Sole,,1,47,,,
220518PB3,Sand Sole,,1,55,,,
220518PB3,Sand Sole,,1,50,,,
220518PB3,Sand Sole,,1,60,,,
220518PB3,White Spotted Greenling,,1,293,,,
220518PB3,White Spotted Greenling,,1,137,,,
220518PB3,White Spotted Greenling,,1,290,,,
220518PB3,White Spotted Greenling,,1,184,,,
220518PB3,White Spotted Greenling,,1,248,,,
220518PB3,Three Spine Stickleback,,1,72,,,
220518PB3,Rock Sole,,1,86,,,
220518PB3,Rock Sole,,1,97,,,
220518PB3,Rock Sole,,1,90,,,
220518PB3,Rock Sole,,1,59,,,
220518PB3,Rock Sole,,1,51,,,
220518PB3,Rock Sole,,1,95,,,
220518PB3,Rock Sole,,1,108,,,
220518PB3,Rock Sole,,1,82,,,
220518PB3,Rock Sole,,1,85,,,
220518PB3,Rock Sole,,1,110,,,
220518PB3,Unidentified Sculpin,YOY,1,13,,,
220518PB3,Unidentified Sculpin,YOY,1,12,,,
220518PB3,Unidentified Sculpin,YOY,65,,,,
220518PB3,Sand Shrimp,,1,32,,,
220518PB3,Sand Shrimp,,1,40,,,
220518PB3,Sand Shrimp,,1,43,,,
220518PB3,Sand Shrimp,,1,41,,,
220518PB3,Sand Shrimp,,1,38,,,
220518PB3,Sand Shrimp,,1,38,,,
220518PB3,Sand Shrimp,,1,50,,,
220518PB3,Sand Shrimp,,1,42,,,
220518PB3,Sand Shrimp,,1,38,,,
220518PB3,Sand Shrimp,,1,36,,,
220518PB3,Sand Shrimp,,1,45,,,
220518PB3,Sand Shrimp,,1,30,,,
220518PB3,Sand Shrimp,,1,30,,,
220518PB3,Sand Shrimp,,1,23,,,
220518PB3,Sand Shrimp,,1,40,,,
220518PB3,Sand Shrimp,,1,32,,,
220518PB3,Sand Shrimp,,1,45,,,
220518PB3,Sand Shrimp,,1,51,,,
220518PB3,Sand Shrimp,,1,43,,,
220518PB3,Sand Shrimp,,1,30,,,
220518PB3,Sand Shrimp,,1,42,,,
220518PB3,Sand Shrimp,,1,38,,,
220518PB3,Sand Shrimp,,1,35,,,
220518PB3,Sand Shrimp,,1,42,,,
220518PB3,Sand Shrimp,,1,30,,,
220518PB3,Sand Shrimp,,1,45,,,
220518PB3,Sand Shrimp,,1,36,,,
220518PB3,Sand Shrimp,,1,40,,,
220518PB3,Sand Shrimp,,1,32,,,
220518PB3,Sand Shrimp,,1,49,,,
220518PB3,Pacific Sand Lance,,1,85,,,
220518PB3,Pacific Sand Lance,,1,93,,,
220518PB3,Pacific Sand Lance,,1,79,,,
220518PB3,Pacific Sand Lance,,1,45,,,
220518PB3,Pacific Sand Lance,,1,67,1,,
220518PB3,Pacific Sand Lance,,1,75,1,,
220518PB3,Pacific Sand Lance,,1,77,1,,
220518PB3,Pacific Sand Lance,,1,66,1,,
220518PB3,Pacific Sand Lance,,1,83,1,,
220518PB3,Pacific Sand Lance,,1,65,1,,
220518PB3,Pacific Sand Lance,,1,68,1,,
220518PB3,Pacific Sand Lance,,1,92,1,,
220518PB3,Pacific Sand Lance,,1,74,1,,
220518PB3,Pacific Sand Lance,,1,81,1,,
220518PB3,Pacific Sand Lance,,1,72,1,,
220518PB3,Pacific Sand Lance,,1,57,1,,
220518PB3,Unidentified Flatfish,YOY,1,34,,,
220518PB3,Unidentified Flatfish,YOY,1,36,,,
220518PB3,Unidentified Flatfish,YOY,1,48,,,
220518PB3,Unidentified Flatfish,YOY,1,25,,,
220518PB3,Unidentified Flatfish,YOY,1,31,,,
220518PB3,Unidentified Flatfish,YOY,1,21,,,
220518PB3,Unidentified Flatfish,YOY,1,36,,,
220518PB3,Buffalo Sculpin,,1,65,,,
220518PB3,Buffalo Sculpin,,1,43,,,
220518PB3,Armorhead Sculpin,,1,45,,,
220518PB3,Armorhead Sculpin,,1,83,,,
220518PB3,Armorhead Sculpin,,1,57,,,
220518PB3,Masked Greenling,,1,42,,,
220518PB3,Masked Greenling,,1,210,,,
220518PB3,Staghorn Sculpin,,1,237,,,
220518PB3,Staghorn Sculpin,,1,126,,,
220518PB3,Great Sculpin,,1,75,,,
220518PB3,Rock Greenling,,1,57,,,
220519AP1,Sand Shrimp,,1,44,,,
220519AP1,Sand Shrimp,,1,33,,,
220519AP1,Sand Shrimp,,1,48,,,
220519AP1,Sand Shrimp,,1,38,,,
220519AP1,Sand Shrimp,,1,25,,,
220519AP1,Sand Shrimp,,1,57,,,
220519AP1,Sand Shrimp,,1,44,,,
220519AP1,Sand Shrimp,,1,38,,,
220519AP1,Spotted Snailfish,,1,77,,,
220519AP1,Sand Sole,,1,67,,,
220519AP1,Pacific Sand Lance,,1,68,,,
220519AP1,Pacific Sand Lance,,1,68,,,
220519AP1,Pacific Sand Lance,,1,85,,,
220519AP1,Pacific Sand Lance,,1,75,,,
220519AP1,Pacific Sand Lance,,1,78,,,
220519AP1,Pacific Sand Lance,,1,75,,,
220519AP1,Pacific Sand Lance,,1,64,,,
220519AP1,Pacific Sand Lance,,1,65,,,
220519AP1,Staghorn Sculpin,,1,126,,,
220519AP2,Pacific Sand Lance,,1,66,,,
220519AP2,Pacific Sand Lance,,1,74,,,
220519AP2,Pacific Sand Lance,,1,61,,,
220519AP2,Pacific Sand Lance,,1,78,,,
220519AP2,Pacific Sand Lance,,1,65,,,
220519AP2,Pacific Sand Lance,,1,72,,,
220519AP2,Pacific Sand Lance,,1,67,,,
220519AP2,Pacific Sand Lance,,1,70,,,
220519AP2,Pacific Sand Lance,,1,74,,,
220519AP2,Pacific Sand Lance,,1,68,,,
220519AP2,Pacific Sand Lance,,1,58,,,
220519AP2,Pacific Sand Lance,,1,69,,,
220519AP2,Pacific Sand Lance,,1,68,,,
220519AP2,Pacific Sand Lance,,1,78,,,
220519AP2,Pacific Sand Lance,,1,61,,,
220519AP2,Pacific Sand Lance,,1,66,,,
220519AP2,Pacific Sand Lance,,1,67,,,
220519AP2,Pacific Sand Lance,,1,65,,,
220519AP2,Pacific Sand Lance,,1,70,,,
220519AP2,Pacific Sand Lance,,1,69,,,
220519AP2,Pacific Sand Lance,,1,74,,,
220519AP2,Pacific Sand Lance,,1,64,,,
220519AP2,Sand Shrimp,,1,55,,,
220519AP2,Sand Shrimp,,1,53,,,
220519AP2,Sand Shrimp,,1,37,,,
220519AP2,Sand Shrimp,,1,48,,,
220519AP2,Sand Shrimp,,1,35,,,
220519AP2,Sand Shrimp,,1,44,,,
220519AP2,Sand Shrimp,,1,36,,,
220519AP2,Sand Shrimp,,1,35,,,
220519AP2,Sand Shrimp,,1,39,,,
220519AP2,Sand Shrimp,,1,34,,,
220519AP2,Sand Shrimp,,1,36,,,
220519AP2,Sand Shrimp,,1,40,,,
220519AP2,Sand Shrimp,,1,55,,,
220519AP2,Sand Shrimp,,1,37,,,
220519AP2,Pink Salmon,Juvenile,1,38,,,
220519AP2,Pink Salmon,Juvenile,1,31,,,
220519AP2,Pink Salmon,Juvenile,1,36,,,
220519AP2,Pink Salmon,Juvenile,1,30,,,
220519AP2,Pink Salmon,Juvenile,1,30,,,
220519AP2,Sandfish,YOY,1,25,,,
220519AP3,Surf Smelt,YOY,1,45,,,
220519AP3,Surf Smelt,YOY,1,54,,,
220519AP3,Surf Smelt,YOY,1,52,,,
220519AP3,Surf Smelt,YOY,1,53,,,
220519AP3,Surf Smelt,YOY,1,57,,,
220519AP3,Surf Smelt,YOY,1,53,,,
220519AP3,Surf Smelt,YOY,1,56,,,
220519AP3,Starry Flounder,,1,63,,,
220519AP3,Pink Salmon,Juvenile,1,37,,,
220519AP3,Pink Salmon,Juvenile,1,34,,,
220519AP3,Pink Salmon,Juvenile,1,41,,,
220519AP3,Pink Salmon,Juvenile,1,39,,,
220519AP3,Pink Salmon,Juvenile,1,40,,,
220519AP3,Pink Salmon,Juvenile,1,34,,,
220519AP3,Pink Salmon,Juvenile,1,32,,,
220519AP3,Pink Salmon,Juvenile,1,36,,,
220519AP3,Pink Salmon,Juvenile,1,42,,,
220519AP3,Pink Salmon,Juvenile,1,42,,,
220519AP3,Pink Salmon,Juvenile,1,35,,,
220519AP3,Pink Salmon,Juvenile,1,34,,,
220519AP3,Pink Salmon,Juvenile,1,28,,,
220519AP3,Pink Salmon,Juvenile,1,37,,,
220519AP3,Pink Salmon,Juvenile,1,32,,,
220519AP3,Pink Salmon,Juvenile,1,34,,,
220519AP3,Pink Salmon,Juvenile,1,38,,,
220519AP3,Rock Sole,,1,52,,,
220519AP3,Rock Sole,,1,150,,,
220519AP3,Rock Sole,,1,125,,,
220519AP3,Rock Sole,,1,174,,,
220519AP3,Rock Sole,,1,48,,,
220519AP3,Rock Sole,,1,269,,,
220519AP3,Rock Sole,,1,137,,,
220519AP3,Sand Shrimp,,1,35,,,
220519AP3,Sand Shrimp,,1,28,,,
220519AP3,Sand Shrimp,,1,38,,,
220519AP3,Sand Shrimp,,1,49,,,
220519AP3,Sand Shrimp,,1,48,,,
220519AP3,Sand Shrimp,,1,35,,,
220519AP3,Sand Shrimp,,1,49,,,
220519AP3,Sand Shrimp,,1,34,,,
220519AP3,Sand Shrimp,,1,24,,,
220519AP3,Sand Shrimp,,1,38,,,
220519AP3,Sand Shrimp,,1,37,,,
220519AP3,Sand Shrimp,,1,38,,,
220519AP3,Sand Shrimp,,1,35,,,
220519AP3,Sand Shrimp,,1,40,,,
220519AP3,Sand Shrimp,,1,10,,,
220519AP3,Sand Shrimp,,1,30,,,
220519AP3,Sand Shrimp,,1,42,,,
220519AP3,Sand Shrimp,,1,35,,,
220519AP3,Sand Sole,,1,66,,,
220519AP3,Chum Salmon,Juvenile,1,42,,,
220519AP3,Pacific Sand Lance,,1,79,,,
220519AP3,Pacific Sand Lance,,1,68,,,
220519AP3,Staghorn Sculpin,,1,225,,,
220519AP3,English Sole,,1,97,,,
220519AP4,Pink Salmon,Juvenile,1,40,,,
220519AP4,Pink Salmon,Juvenile,1,34,,,
220519AP4,Pink Salmon,Juvenile,1,37,,,
220519AP4,Pink Salmon,Juvenile,1,34,,,
220519AP4,Pink Salmon,Juvenile,1,38,,,
220519AP4,Pink Salmon,Juvenile,1,36,,,
220519AP4,Pink Salmon,Juvenile,1,37,,,
220519AP4,Pacific Sand Lance,,1,89,,,
220519AP4,Surf Smelt,YOY,1,42,,,
220519AP4,Sand Shrimp,,1,38,,,
220519AP4,Sand Shrimp,,1,37,,,
220519AP4,Sand Shrimp,,1,33,,,
220519AP4,Sand Shrimp,,1,41,,,
220519AP4,Unidentified Flatfish,YOY,1,14,,,
220519AP4,Unidentified Flatfish,YOY,1,,,,
220519AP4,Alaska Plaice,juvenile,1,100,,,
220607CP1,Dolly Varden,Adult,1,500,,,
220607CP1,Dolly Varden,Adult,1,375,,,
220607CP1,Lingcod,Juvenile,1,60,,,
220607CP1,Three Spine Stickleback,,1,53,,,
220607CP1,Three Spine Stickleback,,1,54,,,
220607CP1,Kelp Greenling,Juvenile,1,60,,,
220607CP1,Pink Salmon,Juvenile,1,40,,,
220607CP1,Pink Salmon,Juvenile,1,45,,,
220607CP1,Pink Salmon,Juvenile,1,40,,,
220607CP1,Pink Salmon,Juvenile,1,42,,,
220607CP1,Pink Salmon,Juvenile,1,40,,,
220607CP1,Pink Salmon,Juvenile,1,51,,,
220607CP1,Pink Salmon,Juvenile,1,45,,,
220607CP1,Pink Salmon,Juvenile,1,50,,,
220607CP1,Pink Salmon,Juvenile,1,42,,,
220607CP1,Pink Salmon,Juvenile,1,35,,,
220607CP1,Pink Salmon,Juvenile,1,48,,,
220607CP1,Pink Salmon,Juvenile,1,44,,,
220607CP1,Pink Salmon,Juvenile,1,43,,,
220607CP1,Pink Salmon,Juvenile,1,36,,,
220607CP1,Pink Salmon,Juvenile,1,39,,,
220607CP1,Pink Salmon,Juvenile,1,37,,,
220607CP1,Pink Salmon,Juvenile,1,42,,,
220607CP1,Pink Salmon,Juvenile,1,42,,,
220607CP1,Pink Salmon,Juvenile,1,43,,,
220607CP1,Pink Salmon,Juvenile,1,36,,,
220607CP1,Pink Salmon,Juvenile,1,41,,,
220607CP1,Pink Salmon,Juvenile,1,36,,,
220607CP1,Pink Salmon,Juvenile,1,44,,,
220607CP1,Pink Salmon,Juvenile,1,47,,,
220607CP1,Pink Salmon,Juvenile,1,37,,,
220607CP1,Pink Salmon,Juvenile,1,42,,,
220607CP1,Pink Salmon,Juvenile,1,39,,,
220607CP1,Pink Salmon,Juvenile,1,48,,,
220607CP1,Pink Salmon,Juvenile,1,49,,,
220607CP1,Pink Salmon,Juvenile,1,41,,,
220607CP1,Pink Salmon,Juvenile,153,,26,,
220607CP2,Coho Salmon,Juvenile,1,88,,,
220607CP2,Sandfish,YOY,1,23,,,
220607CP2,Unidentified Smelt,YOY,1,,,,
220607CP2,Saffron Cod,YOY,1,28,,,
220607CP2,Saffron Cod,YOY,1,27,,,
220607CP2,Unidentified Sculpin,YOY,1,15,,,
220607CP2,Unidentified Sculpin,YOY,1,24,,,
220607CP2,Unidentified Sculpin,YOY,1,11,,,
220607CP2,Unidentified Sculpin,YOY,1,16,,,
220607CP2,Unidentified Sculpin,YOY,1,22,,,
220607CP2,Unidentified Sculpin,YOY,1,20,,,
220607CP2,Unidentified Sculpin,YOY,1,18,,,
220607CP2,Unidentified Sculpin,YOY,1,14,,,
220607CP2,Unidentified Sculpin,YOY,1,21,,,
220607CP2,Unidentified Sculpin,YOY,1,19,,,
220607CP2,Sand Shrimp,,1,43,,,
220607CP2,Crescent Gunnel,YOY,1,34,,,
220607CP2,Walleye Pollock,YOY,1,35,,,
220607CP3,Dolly Varden,,1,150,,,
220607CP3,Dolly Varden,,1,165,,,
220607CP3,Dolly Varden,,1,160,,,
220607CP3,Dolly Varden,,1,116,,,
220607CP3,Dolly Varden,,1,127,,,
220607CP3,Dolly Varden,,1,172,,,
220607CP3,Dolly Varden,,1,115,,,
220607CP3,Dolly Varden,,1,128,,,
220607CP3,Dolly Varden,,1,110,,,
220607CP3,Dolly Varden,,1,128,,,
220607CP3,Dolly Varden,,1,130,,,
220607CP3,Dolly Varden,,1,125,,,
220607CP3,Dolly Varden,,1,132,,,
220607CP3,Dolly Varden,,1,125,,,
220607CP3,Dolly Varden,,1,137,,,
220607CP3,Dolly Varden,,1,150,,,
220607CP3,Dolly Varden,,1,139,,,
220607CP3,Coho Salmon,Juvenile,1,133,,,
220607CP3,Surf Smelt,,1,143,,,
220607CP3,Unidentified Sculpin,YOY,1,19,,,
220607CP3,Unidentified Sculpin,YOY,1,25,,,
220607CP3,Sand Shrimp,,1,20,,,
220607CP3,Sand Shrimp,,1,20,,,
220607CP3,Sand Shrimp,,1,20,,,
220607CP3,Sand Shrimp,,1,20,,,
220607CP3,Unidentified Flatfish,YOY,1,,,,
220615PB1,Crescent Gunnel,,1,165,,,
220615PB1,Crescent Gunnel,,1,145,,,
220615PB1,Crescent Gunnel,,1,178,,,
220615PB1,Crescent Gunnel,,1,160,,,
220615PB1,Crescent Gunnel,,1,175,,,
220615PB1,Crescent Gunnel,,1,118,,,
220615PB1,Snailfish,,1,12,,,
220615PB1,Snailfish,,1,32,,,
220615PB1,Padded Sculpin,,1,80,,,
220615PB1,Padded Sculpin,,1,66,,,
220615PB1,Padded Sculpin,,1,91,,,
220615PB1,Padded Sculpin,,1,74,,,
220615PB1,Padded Sculpin,,1,75,,,
220615PB1,Armorhead Sculpin,,1,55,,,
220615PB1,Rock Greenling,,1,59,,,
220615PB1,Rock Greenling,,1,60,,,
220615PB1,Great Sculpin,,1,134,,,
220615PB1,Butter Sole,,1,42,,,
220615PB1,Butter Sole,,1,40,,,
220615PB1,Butter Sole,,1,32,,,
220615PB1,Butter Sole,,1,42,,,
220615PB1,Butter Sole,,1,44,,,
220615PB1,Butter Sole,,1,40,,,
220615PB1,Butter Sole,,1,40,,,
220615PB1,Butter Sole,,1,43,,,
220615PB1,Butter Sole,,1,35,,,
220615PB1,Butter Sole,,1,45,,,
220615PB1,Butter Sole,,1,41,,,
220615PB1,Snake Prickleback,,1,50,,,
220615PB1,Snake Prickleback,,1,64,,,
220615PB1,Helmut Crab,,1,66,,,
220615PB1,Helmut Crab,,1,55,,,
220615PB1,Sand Shrimp,,1,45,,,
220615PB1,Sand Shrimp,,1,44,,,
220615PB1,Sand Shrimp,,1,42,,,
220615PB1,Sand Shrimp,,1,25,,,
220615PB1,Sand Shrimp,,1,40,,,
220615PB1,Sand Shrimp,,1,50,,,
220615PB1,Sand Shrimp,,1,40,,,
220615PB1,Sand Shrimp,,1,40,,,
220615PB1,Sand Shrimp,,1,40,,,
220615PB1,Sand Shrimp,,1,40,,,
220615PB1,Sand Shrimp,,1,51,,,
220615PB1,Sand Shrimp,,1,40,,,
220615PB1,Sand Shrimp,,1,50,,,
220615PB1,Sand Shrimp,,1,35,,,
220615PB1,Sand Shrimp,,1,45,,,
220615PB1,Sand Shrimp,,1,33,,,
220615PB1,Sand Shrimp,,1,45,,,
220615PB1,Graceful Decorator Crab,,1,40,,,
220615PB1,Kelp Greenling,Juvenile,1,40,,,
220615PB1,Pacific Sand Lance,,1,82,,,
220615PB1,Silver Spotted Sculpin,,1,30,,,
220615PB1,Silver Spotted Sculpin,,1,32,,,
220615PB1,Silver Spotted Sculpin,,1,40,,,
220615PB1,Silver Spotted Sculpin,,1,49,,,
220615PB1,Silver Spotted Sculpin,,1,34,,,
220615PB1,Silver Spotted Sculpin,,1,36,,,
220615PB1,Silver Spotted Sculpin,,1,35,,,
220615PB1,Silver Spotted Sculpin,,1,42,,,
220615PB1,Silver Spotted Sculpin,,1,40,,,
220615PB1,Silver Spotted Sculpin,,1,32,,,
220615PB1,Pacific Halibut,Juvenile,1,175,,,
220615PB1,Pacific Halibut,Juvenile,1,132,,,
220615PB1,Pacific Halibut,Juvenile,1,45,,,
220615PB1,Pacific Halibut,Juvenile,1,139,,,
220615PB1,Pacific Halibut,Juvenile,1,48,,,
220615PB1,Pacific Halibut,Juvenile,1,60,,,
220615PB1,Pacific Halibut,Juvenile,1,124,,,
220615PB1,Pacific Halibut,Juvenile,1,56,,,
220615PB1,Pacific Halibut,Juvenile,1,44,,,
220615PB1,Pacific Halibut,Juvenile,1,39,,,
220615PB1,Pacific Halibut,Juvenile,1,40,,,
220615PB1,Pacific Halibut,Juvenile,1,121,,,
220615PB1,Pacific Halibut,Juvenile,1,45,,,
220615PB1,Pacific Halibut,Juvenile,1,42,,,
220615PB1,Sand Sole,,1,152,,,
220615PB1,Sand Sole,,1,63,,,
220615PB1,Sand Sole,,1,40,,,
220615PB1,Sand Sole,,1,167,,,
220615PB1,Sand Sole,,1,60,,,
220615PB1,Sand Sole,,1,70,,,
220615PB1,Sand Sole,,1,55,,,
220615PB1,Tubenose Poacher,,1,44,,,
220615PB1,Tubenose Poacher,,1,41,,,
220615PB1,Tubenose Poacher,,1,42,,,
220615PB1,Tubenose Poacher,,1,40,,,
220615PB1,Tubenose Poacher,,1,39,,,
220615PB1,Tubenose Poacher,,1,44,,,
220615PB1,Tubenose Poacher,,1,121,,,
220615PB1,Tubenose Poacher,,1,35,,,
220615PB1,Tubenose Poacher,,1,48,,,
220615PB1,Tubenose Poacher,,1,22,,,
220615PB1,Tubenose Poacher,,1,42,,,
220615PB1,Tubenose Poacher,,1,44,,,
220615PB1,Tubenose Poacher,,1,49,,,
220615PB1,Tubenose Poacher,,1,40,,,
220615PB1,Tubenose Poacher,,1,25,,,
220615PB1,Tubenose Poacher,,1,39,,,
220615PB1,Tubenose Poacher,,1,41,,,
220615PB1,Tubenose Poacher,,1,35,,,
220615PB1,Tubenose Poacher,,1,45,,,
220615PB1,Tubenose Poacher,,1,45,,,
220615PB1,Tubenose Poacher,,1,43,,,
220615PB1,Tubenose Poacher,,1,32,,,
220615PB1,Tubenose Poacher,,1,30,,,
220615PB1,Tubenose Poacher,,1,40,,,
220615PB1,Unidentified Flatfish,Juvenile,1,17,,,
220615PB1,Unidentified Flatfish,Juvenile,1,23,,,
220615PB1,Unidentified Flatfish,Juvenile,1,25,,,
220615PB1,Unidentified Flatfish,Juvenile,1,30,,,
220615PB1,Unidentified Flatfish,Juvenile,1,31,,,
220615PB1,Unidentified Flatfish,Juvenile,1,32,,,
220615PB1,Unidentified Flatfish,Juvenile,1,40,,,
220615PB1,Unidentified Flatfish,Juvenile,1,30,,,
220615PB1,English Sole,,1,57,,,
220615PB1,English Sole,,1,56,,,
220615PB1,English Sole,,1,42,,,
220615PB1,English Sole,,1,45,,,
220615PB1,English Sole,,1,50,,,
220615PB1,Masked Greenling,,2,,,,
220615PB1,Masked Greenling,,1,166,,,
220615PB1,Masked Greenling,,1,217,,,
220615PB1,Masked Greenling,,1,163,,,
220615PB1,Masked Greenling,,1,169,,,
220615PB1,Masked Greenling,,1,216,,,
220615PB1,Masked Greenling,,1,225,,,
220615PB1,Masked Greenling,,1,170,,,
220615PB1,Masked Greenling,,1,225,,,
220615PB1,Masked Greenling,,1,170,,,
220615PB1,Masked Greenling,,1,225,,,
220615PB1,Masked Greenling,,1,229,,,
220615PB1,Masked Greenling,,1,249,,,
220615PB1,Masked Greenling,,1,164,,,
220615PB1,Masked Greenling,,1,170,,,
220615PB1,Masked Greenling,,1,158,,,
220615PB1,Masked Greenling,,1,151,,,
220615PB1,Masked Greenling,,1,155,,,
220615PB1,Masked Greenling,,1,223,,,
220615PB1,Masked Greenling,,1,60,,,
220615PB1,Masked Greenling,,1,57,,,
220615PB1,Masked Greenling,,1,170,,,
220615PB1,Masked Greenling,,1,160,,,
220615PB1,Masked Greenling,,1,62,,,
220615PB1,Masked Greenling,,1,167,,,
220615PB1,Masked Greenling,,1,61,,,
220615PB1,Masked Greenling,,1,155,,,
220615PB1,Masked Greenling,,1,157,,,
220615PB1,Masked Greenling,,1,65,,,
220615PB1,Masked Greenling,,1,60,,,
220615PB1,Masked Greenling,,1,58,,,
220615PB1,Masked Greenling,,1,58,,,
220615PB1,Masked Greenling,,1,68,,,
220615PB1,White Spotted Greenling,,1,236,,,
220615PB1,White Spotted Greenling,,1,261,,,
220615PB1,White Spotted Greenling,,1,165,,,
220615PB1,White Spotted Greenling,,1,255,,,
220615PB1,White Spotted Greenling,,1,71,,,
220615PB1,White Spotted Greenling,,1,72,,,
220615PB1,White Spotted Greenling,,1,171,,,
220615PB1,White Spotted Greenling,,1,155,,,
220615PB1,White Spotted Greenling,,1,68,,,
220615PB1,White Spotted Greenling,,1,60,,,
220615PB1,White Spotted Greenling,,1,165,,,
220615PB1,White Spotted Greenling,,1,165,,,
220615PB1,White Spotted Greenling,,1,67,,,
220615PB1,White Spotted Greenling,,1,72,,,
220615PB1,White Spotted Greenling,,1,60,,,
220615PB1,White Spotted Greenling,,1,66,,,
220615PB1,White Spotted Greenling,,1,71,,,
220615PB1,White Spotted Greenling,,1,39,,,
220615PB1,White Spotted Greenling,,1,57,,,
220615PB1,White Spotted Greenling,,1,66,,,
220615PB1,White Spotted Greenling,,1,70,,,
220615PB1,White Spotted Greenling,,1,80,,,
220615PB1,White Spotted Greenling,,1,78,,,
220615PB1,White Spotted Greenling,,1,65,,,
220615PB1,White Spotted Greenling,,1,65,,,
220615PB1,White Spotted Greenling,,1,60,,,
220615PB1,White Spotted Greenling,,1,60,,,
220615PB1,White Spotted Greenling,,1,60,,,
220615PB1,White Spotted Greenling,,1,,,,
220615PB1,Staghorn Sculpin,,1,126,,,
220615PB1,Staghorn Sculpin,,1,230,,,
220615PB1,Staghorn Sculpin,,1,227,,,
220615PB1,Pacific Halibut,Juvenile,1,30,,,
220615PB1,Pacific Halibut,Juvenile,1,32,,,
220615PB1,Rock Sole,,1,141,,,
220615PB1,Rock Sole,,1,119,,,
220615PB1,Rock Sole,,1,125,,,
220615PB1,Rock Sole,,1,147,,,
220615PB1,Rock Sole,,1,99,,,
220615PB1,Rock Sole,,1,106,,,
220615PB1,Rock Sole,,1,113,,,
220615PB1,Rock Sole,,1,73,,,
220615PB1,Rock Sole,,1,140,,,
220615PB1,Rock Sole,,1,65,,,
220615PB1,English Sole,,1,69,,,
220615PB1,English Sole,,1,70,,,
220615PB1,English Sole,,1,64,,,
220615PB1,Scalyhead Sculpin,,1,66,,,
220615PB1,Scalyhead Sculpin,,1,80,,,
220615PB1,Scalyhead Sculpin,,1,175,,,
220615PB1,Scalyhead Sculpin,,1,70,,,
220615PB1,Scalyhead Sculpin,,1,60,,,
220615PB1,Scalyhead Sculpin,,1,70,,,
220615PB1,Scalyhead Sculpin,,1,80,,,
220615PB1,Scalyhead Sculpin,,1,76,,,
220615PB1,Scalyhead Sculpin,,1,75,,,
220615PB1,Unidentified Sculpin,YOY,1,27,,,
220615PB1,Unidentified Sculpin,YOY,1,31,,,
220615PB1,Unidentified Sculpin,YOY,1,28,,,
220615PB1,Unidentified Sculpin,YOY,1,25,,,
220615PB1,Unidentified Sculpin,YOY,1,25,,,
220615PB1,Unidentified Sculpin,YOY,1,30,,,
220615PB1,Unidentified Sculpin,YOY,1,28,,,
220615PB1,Unidentified Sculpin,YOY,1,30,,,
220615PB1,Unidentified Sculpin,YOY,1,34,,,
220615PB1,Unidentified Sculpin,YOY,1,30,,,
220615PB1,Unidentified Sculpin,YOY,1,29,,,
220615PB1,Unidentified Sculpin,YOY,1,15,,,
220615PB1,Unidentified Sculpin,YOY,1,17,,,
220615PB1,Unidentified Sculpin,YOY,1,18,,,
220615PB1,Unidentified Sculpin,YOY,1,26,,,
220615PB1,Unidentified Sculpin,YOY,1,23,,,
220615PB1,Unidentified Sculpin,YOY,1,22,,,
220615PB1,Unidentified Sculpin,YOY,1,23,,,
220615PB1,Unidentified Sculpin,YOY,1,30,,,
220615PB1,Unidentified Sculpin,YOY,1,23,,,
220615PB1,Unidentified Sculpin,YOY,1,24,,,
220615PB1,Unidentified Sculpin,YOY,1,23,,,
220615PB1,Unidentified Sculpin,YOY,1,19,,,
220615PB1,Unidentified Sculpin,YOY,1,24,,,
220615PB1,Unidentified Sculpin,YOY,1,20,,,
220615PB1,Unidentified Sculpin,YOY,1,20,,,
220615PB1,Unidentified Sculpin,YOY,1,25,,,
220615PB1,Unidentified Sculpin,YOY,1,24,,,
220615PB1,Unidentified Sculpin,YOY,1,24,,,
220615PB1,Unidentified Sculpin,YOY,1,26,,,
220615PB1,Unidentified Sculpin,YOY,580,,,,
220615PB2,Silver Spotted Sculpin,Juvenile,1,25,,,
220615PB2,Silver Spotted Sculpin,Juvenile,1,37,,,
220615PB2,Silver Spotted Sculpin,Juvenile,1,30,,,
220615PB2,Silver Spotted Sculpin,Juvenile,1,35,,,
220615PB2,Silver Spotted Sculpin,Juvenile,1,25,,,
220615PB2,Silver Spotted Sculpin,Juvenile,1,31,,,
220615PB2,Silver Spotted Sculpin,Juvenile,1,40,,,
220615PB2,Silver Spotted Sculpin,Juvenile,1,33,,,
220615PB2,Silver Spotted Sculpin,Juvenile,1,36,,,
220615PB2,Padded Sculpin,,1,91,,,
220615PB2,Padded Sculpin,,1,82,,,
220615PB2,Padded Sculpin,,1,129,,,
220615PB2,Padded Sculpin,,1,79,,,
220615PB2,Padded Sculpin,,1,103,,,
220615PB2,Padded Sculpin,,1,89,,,
220615PB2,Padded Sculpin,,1,89,,,
220615PB2,Padded Sculpin,,1,62,,,
220615PB2,Padded Sculpin,,1,82,,,
220615PB2,Padded Sculpin,,1,85,,,
220615PB2,Padded Sculpin,,1,90,,,
220615PB2,Padded Sculpin,,1,87,,,
220615PB2,Padded Sculpin,,1,64,,,
220615PB2,Padded Sculpin,,1,81,,,
220615PB2,Padded Sculpin,,1,37,,,
220615PB2,Padded Sculpin,,1,,,,
220615PB2,Buffalo Sculpin,,1,250,,,
220615PB2,Tubenose Poacher,,1,42,,,
220615PB2,Tubenose Poacher,,1,44,,,
220615PB2,Tubenose Poacher,,1,45,,,
220615PB2,Tubenose Poacher,,1,39,,,
220615PB2,Tubenose Poacher,,1,45,,,
220615PB2,Tubenose Poacher,,1,33,,,
220615PB2,Tubenose Poacher,,1,45,,,
220615PB2,Tubenose Poacher,,1,40,,,
220615PB2,Rock Greenling,,1,75,,,
220615PB2,Butter Sole,Juvenile,1,76,,,
220615PB2,Butter Sole,Juvenile,1,55,,,
220615PB2,Butter Sole,Juvenile,1,50,,,
220615PB2,Butter Sole,Juvenile,1,30,,,
220615PB2,Butter Sole,Juvenile,1,30,,,
220615PB2,Butter Sole,Juvenile,1,34,,,
220615PB2,Butter Sole,Juvenile,1,30,,,
220615PB2,Butter Sole,Juvenile,1,42,,,
220615PB2,Butter Sole,Juvenile,1,32,,,
220615PB2,Butter Sole,Juvenile,1,36,,,
220615PB2,Butter Sole,Juvenile,1,30,,,
220615PB2,Butter Sole,Juvenile,1,36,,,
220615PB2,Butter Sole,Juvenile,1,63,,,
220615PB2,Butter Sole,Juvenile,1,20,,,
220615PB2,Butter Sole,Juvenile,1,42,,,
220615PB2,Butter Sole,Juvenile,1,45,,,
220615PB2,Butter Sole,Juvenile,1,31,,,
220615PB2,Butter Sole,Juvenile,1,35,,,
220615PB2,Butter Sole,Juvenile,1,30,,,
220615PB2,Butter Sole,Juvenile,1,36,,,
220615PB2,Butter Sole,Juvenile,1,30,,,
220615PB2,Butter Sole,Juvenile,1,34,,,
220615PB2,Butter Sole,Juvenile,1,43,,,
220615PB2,Butter Sole,Juvenile,1,32,,,
220615PB2,Butter Sole,Juvenile,1,29,,,
220615PB2,Graceful Decorator Crab,,1,15,,,
220615PB2,Graceful Decorator Crab,,1,12,,,
220615PB2,Graceful Decorator Crab,,1,20,,,
220615PB2,Dolly Varden,,1,148,,,
220615PB2,Pacific Sand Lance,,1,87,,,
220615PB2,Pacific Sand Lance,,1,80,,,
220615PB2,Pacific Sand Lance,,1,100,,,
220615PB2,Sand Shrimp,,1,36,,,
220615PB2,Sand Shrimp,,1,36,,,
220615PB2,Sand Shrimp,,1,40,,,
220615PB2,Sand Shrimp,,1,48,,,
220615PB2,Sand Shrimp,,1,32,,,
220615PB2,Sand Shrimp,,1,39,,,
220615PB2,Sand Shrimp,,1,50,,,
220615PB2,Sand Shrimp,,1,54,,,
220615PB2,Sand Shrimp,,1,30,,,
220615PB2,Sand Shrimp,,1,40,,,
220615PB2,Sand Shrimp,,1,50,,,
220615PB2,Sand Shrimp,,1,45,,,
220615PB2,Sand Shrimp,,1,35,,,
220615PB2,Sand Shrimp,,1,56,,,
220615PB2,Sand Shrimp,,1,42,,,
220615PB2,Sand Shrimp,,1,33,,,
220615PB2,Sand Shrimp,,1,65,,,
220615PB2,Sand Shrimp,,1,52,,,
220615PB2,Sand Shrimp,,1,35,,,
220615PB2,Sand Shrimp,,1,50,,,
220615PB2,Sand Shrimp,,1,40,,,
220615PB2,Sand Shrimp,,1,41,,,
220615PB2,Sand Shrimp,,1,50,,,
220615PB2,Sand Shrimp,,1,41,,,
220615PB2,Sand Shrimp,,1,44,,,
220615PB2,Sand Shrimp,,1,36,,,
220615PB2,Sand Shrimp,,1,36,,,
220615PB2,Sand Shrimp,,1,32,,,
220615PB2,Sand Shrimp,,1,42,,,
220615PB2,Sand Shrimp,,1,35,,,
220615PB2,Sand Shrimp,,1,46,,,
220615PB2,Sand Shrimp,,64,,,,
220615PB2,Pacific Halibut,Juvenile,1,150,,,
220615PB2,Pacific Halibut,Juvenile,1,69,,,
220615PB2,Pacific Halibut,Juvenile,1,41,,,
220615PB2,Pacific Halibut,Juvenile,1,37,,,
220615PB2,Pacific Halibut,Juvenile,1,44,,,
220615PB2,Pacific Halibut,Juvenile,1,33,,,
220615PB2,Pacific Halibut,Juvenile,1,31,,,
220615PB2,Pacific Halibut,Juvenile,1,40,,,
220615PB2,Pacific Halibut,Juvenile,1,34,,,
220615PB2,Pacific Halibut,Juvenile,1,30,,,
220615PB2,Pacific Halibut,Juvenile,1,30,,,
220615PB2,Pacific Halibut,Juvenile,1,31,,,
220615PB2,Pacific Halibut,Juvenile,1,35,,,
220615PB2,Pacific Halibut,Juvenile,1,35,,,
220615PB2,Pacific Halibut,Juvenile,1,30,,,
220615PB2,Pacific Halibut,Juvenile,1,28,,,
220615PB2,Pacific Halibut,Juvenile,1,50,,,
220615PB2,Pacific Halibut,Juvenile,1,37,,,
220615PB2,Pacific Halibut,Juvenile,1,42,,,
220615PB2,Pacific Halibut,Juvenile,1,43,,,
220615PB2,Pacific Halibut,Juvenile,1,51,,,
220615PB2,Pacific Halibut,Juvenile,1,41,,,
220615PB2,Pacific Halibut,Juvenile,1,38,,,
220615PB2,Pacific Halibut,Juvenile,1,50,,,
220615PB2,Pacific Halibut,Juvenile,1,43,,,
220615PB2,Pacific Halibut,Juvenile,1,32,,,
220615PB2,Pacific Halibut,Juvenile,1,50,,,
220615PB2,Pacific Halibut,Juvenile,1,45,,,
220615PB2,Pacific Halibut,Juvenile,20,,,,
220615PB2,Snailfish,,1,23,,,
220615PB2,Masked Greenling,,1,164,,,
220615PB2,Masked Greenling,,1,170,,,
220615PB2,Masked Greenling,,1,183,,,
220615PB2,Masked Greenling,,1,170,,,
220615PB2,Masked Greenling,,1,54,,,
220615PB2,Masked Greenling,,1,215,,,
220615PB2,Masked Greenling,,1,58,,,
220615PB2,Masked Greenling,,1,290,,,
220615PB2,Masked Greenling,,1,214,,,
220615PB2,Masked Greenling,,1,168,,,
220615PB2,Masked Greenling,,1,55,,,
220615PB2,Staghorn Sculpin,,1,285,,,
220615PB2,Staghorn Sculpin,,1,339,,,
220615PB2,Staghorn Sculpin,,1,248,,,
220615PB2,Staghorn Sculpin,,1,220,,,
220615PB2,Staghorn Sculpin,,1,98,,,
220615PB2,Staghorn Sculpin,,1,75,,,
220615PB2,Staghorn Sculpin,,1,122,,,
220615PB2,Staghorn Sculpin,,1,67,,,
220615PB2,Staghorn Sculpin,,1,69,,,
220615PB2,Unidentified Sculpin,YOY,1,20,,,
220615PB2,Unidentified Sculpin,YOY,1,15,,,
220615PB2,Unidentified Sculpin,YOY,1,20,,,
220615PB2,Unidentified Sculpin,YOY,1,22,,,
220615PB2,Unidentified Sculpin,YOY,1,7,,,
220615PB2,Unidentified Sculpin,YOY,1,30,,,
220615PB2,Unidentified Sculpin,YOY,1,30,,,
220615PB2,Unidentified Sculpin,YOY,1,24,,,
220615PB2,Unidentified Sculpin,YOY,1,11,,,
220615PB2,Unidentified Sculpin,YOY,1,22,,,
220615PB2,Unidentified Sculpin,YOY,1,23,,,
220615PB2,Unidentified Sculpin,YOY,1,19,,,
220615PB2,Unidentified Sculpin,YOY,1,25,,,
220615PB2,Unidentified Sculpin,YOY,1,25,,,
220615PB2,Unidentified Flatfish,YOY,1,20,,,
220615PB2,Unidentified Flatfish,YOY,1,24,,,
220615PB2,Unidentified Flatfish,YOY,1,27,,,
220615PB2,Unidentified Flatfish,YOY,1,18,,,
220615PB2,Unidentified Flatfish,YOY,1,25,,,
220615PB2,Unidentified Flatfish,YOY,1,21,,,
220615PB2,Unidentified Flatfish,YOY,1,25,,,
220615PB2,Unidentified Flatfish,YOY,1,27,,,
220615PB2,Unidentified Flatfish,YOY,1,29,,,
220615PB2,Unidentified Flatfish,YOY,1,26,,,
220615PB2,Unidentified Flatfish,YOY,1,18,,,
220615PB2,Unidentified Flatfish,YOY,1,28,,,
220615PB2,Unidentified Flatfish,YOY,1,12,,,
220615PB2,Unidentified Flatfish,YOY,1,26,,,
220615PB2,Unidentified Flatfish,YOY,1,15,,,
220615PB2,Unidentified Flatfish,YOY,1,27,,,
220615PB2,Unidentified Flatfish,YOY,1,18,,,
220615PB2,Unidentified Flatfish,YOY,1,12,,,
220615PB2,Unidentified Flatfish,YOY,1,25,,,
220615PB2,Unidentified Flatfish,YOY,1,37,,,
220615PB2,Unidentified Flatfish,YOY,1,30,,,
220615PB2,Unidentified Flatfish,YOY,1,16,,,
220615PB2,Unidentified Flatfish,YOY,1,20,,,
220615PB2,Unidentified Flatfish,YOY,1,25,,,
220615PB2,Unidentified Flatfish,YOY,1,20,,,
220615PB2,Unidentified Flatfish,YOY,1,15,,,
220615PB2,Unidentified Flatfish,YOY,1,28,,,
220615PB2,Unidentified Flatfish,YOY,1,22,,,
220615PB2,Unidentified Flatfish,YOY,1,21,,,
220615PB2,Unidentified Flatfish,YOY,1,10,,,
220615PB2,Snake Prickleback,,1,60,,,
220615PB2,Snake Prickleback,,1,71,,,
220615PB2,Rock Sole,,1,103,,,
220615PB2,Rock Sole,,1,140,,,
220615PB2,Rock Sole,,1,114,,,
220615PB2,Rock Sole,,1,156,,,
220615PB2,Rock Sole,,1,83,,,
220615PB2,Rock Sole,,1,100,,,
220615PB2,Rock Sole,,1,104,,,
220615PB2,Rock Sole,,1,81,,,
220615PB2,Rock Sole,,1,126,,,
220615PB2,Rock Sole,,1,170,,,
220615PB2,Rock Sole,,1,110,,,
220615PB2,Scalyhead Sculpin,,1,104,,,
220615PB2,Scalyhead Sculpin,,1,98,,,
220615PB2,Scalyhead Sculpin,,1,100,,,
220615PB2,Scalyhead Sculpin,,1,78,,,
220615PB2,Scalyhead Sculpin,,1,75,,,
220615PB2,Scalyhead Sculpin,,1,113,,,
220615PB2,Scalyhead Sculpin,,1,64,,,
220615PB2,Scalyhead Sculpin,,1,72,,,
220615PB2,Sand Sole,,1,42,,,
220615PB2,Sand Sole,,1,33,,,
220615PB2,Sand Sole,,1,130,,,
220615PB2,Sand Sole,,1,45,,,
220615PB2,Sand Sole,,1,90,,,
220615PB2,Sand Sole,,1,34,,,
220615PB2,Sand Sole,,1,40,,,
220615PB2,Sand Sole,,1,70,,,
220615PB2,Sand Sole,,1,82,,,
220615PB2,Sand Sole,,1,50,,,
220615PB2,Sand Sole,,1,64,,,
220615PB2,White Spotted Greenling,,1,180,,,
220615PB2,White Spotted Greenling,,1,79,,,
220615PB2,White Spotted Greenling,,1,57,,,
220615PB2,White Spotted Greenling,,1,69,,,
220615PB2,White Spotted Greenling,,1,67,,,
220615PB2,White Spotted Greenling,,1,76,,,
220615PB2,White Spotted Greenling,,1,68,,,
220615PB2,White Spotted Greenling,,1,170,,,
220615PB2,White Spotted Greenling,,1,66,,,
220615PB2,White Spotted Greenling,,1,66,,,
220615PB2,White Spotted Greenling,,1,65,,,
220615PB2,White Spotted Greenling,,1,60,,,
220615PB2,White Spotted Greenling,,1,225,,,
220615PB2,White Spotted Greenling,,1,71,,,
220615PB2,White Spotted Greenling,,1,175,,,
220615PB2,White Spotted Greenling,,1,70,,,
220615PB2,White Spotted Greenling,,1,65,,,
220615PB2,White Spotted Greenling,,1,68,,,
220615PB2,White Spotted Greenling,,1,65,,,
220615PB2,White Spotted Greenling,,1,69,,,
220615PB2,White Spotted Greenling,,1,67,,,
220615PB2,White Spotted Greenling,,1,30,,,
220615PB2,White Spotted Greenling,,1,71,,,
220615PB2,English Sole,,1,72,,,
220615PB2,English Sole,,1,42,,,
220615PB2,English Sole,,1,42,,,
220615PB2,English Sole,,1,70,,,
220615PB2,English Sole,,1,44,,,
220615PB2,English Sole,,1,56,,,
220615PB2,English Sole,,1,57,,,
220615PB2,English Sole,,1,52,,,
220615PB2,English Sole,,1,48,,,
220615PB2,English Sole,,1,44,,,
220615PB2,English Sole,,1,49,,,
220615PB2,English Sole,,1,45,,,
220615PB2,English Sole,,1,37,,,
220615PB2,English Sole,,1,46,,,
220615PB2,English Sole,,1,53,,,
220615PB2,English Sole,,1,40,,,
220615PB2,English Sole,,1,65,,,
220615PB2,English Sole,,1,49,,,
220615PB2,English Sole,,1,46,,,
220615PB2,English Sole,,1,62,,,
220615PB2,English Sole,,1,45,,,
220615PB2,English Sole,,1,41,,,
220615PB2,English Sole,,1,45,,,
220615PB2,English Sole,,1,47,,,
220615PB2,English Sole,,1,73,,,
220615PB2,English Sole,,1,43,,,
220615PB2,English Sole,,1,44,,,
220615PB2,English Sole,,1,46,,,
220615PB2,English Sole,,1,46,,,
220615PB2,English Sole,,1,40,,,
220615PB2,English Sole,,24,,,,
220616MP1,Unidentified Sculpin,YOY,1,13,,,
220616MP1,Unidentified Sculpin,YOY,1,18,,,
220616MP1,Unidentified Sculpin,YOY,1,15,,,
220616MP1,Unidentified Sculpin,YOY,1,17,,,
220616MP1,Unidentified Sculpin,YOY,1,18,,,
220616MP1,Unidentified Sculpin,YOY,1,24,,,
220616MP1,Unidentified Sculpin,YOY,1,16,,,
220616MP1,Unidentified Sculpin,YOY,1,19,,,
220616MP1,Unidentified Sculpin,YOY,1,21,,,
220616MP1,Unidentified Sculpin,YOY,1,21,,,
220616MP1,Unidentified Sculpin,YOY,1,15,,,
220616MP1,Unidentified Sculpin,YOY,1,18,,,
220616MP1,Unidentified Sculpin,YOY,1,23,,,
220616MP1,Unidentified Sculpin,YOY,1,12,,,
220616MP1,Unidentified Sculpin,YOY,1,20,,,
220616MP1,Unidentified Sculpin,YOY,1,16,,,
220616MP1,Unidentified Sculpin,YOY,1,16,,,
220616MP1,Unidentified Sculpin,YOY,1,17,,,
220616MP1,Unidentified Sculpin,YOY,1,17,,,
220616MP1,Unidentified Sculpin,YOY,1,12,,,
220616MP1,Unidentified Sculpin,YOY,1,16,,,
220616MP1,Unidentified Sculpin,YOY,1,19,,,
220616MP1,Unidentified Sculpin,YOY,1,14,,,
220616MP1,Unidentified Sculpin,YOY,1,17,,,
220616MP1,Unidentified Sculpin,YOY,1,25,,,
220616MP1,Unidentified Sculpin,YOY,1,22,,,
220616MP1,Unidentified Sculpin,YOY,1,17,,,
220616MP1,Unidentified Sculpin,YOY,1,17,,,
220616MP1,Unidentified Sculpin,YOY,1,14,,,
220616MP1,Unidentified Sculpin,YOY,1,18,,,
220616MP1,Unidentified Sculpin,YOY,191,,,,
220616MP1,Dolly Varden,,1,155,,,
220616MP1,Dolly Varden,,1,164,,,
220616MP1,Dolly Varden,,1,219,,,
220616MP1,Dolly Varden,,1,152,,,
220616MP1,Dolly Varden,,1,159,,,
220616MP1,Dolly Varden,,1,159,,,
220616MP1,Dolly Varden,,1,158,,,
220616MP1,Dolly Varden,,1,147,,,
220616MP1,Dolly Varden,,1,165,,,
220616MP1,Dolly Varden,,1,163,,,
220616MP1,Dolly Varden,,1,137,,,
220616MP1,Dolly Varden,,1,138,,,
220616MP1,Dolly Varden,,1,168,,,
220616MP1,Dolly Varden,,1,162,,,
220616MP1,Dolly Varden,,1,177,,,
220616MP1,Dolly Varden,,1,146,,,
220616MP1,Dolly Varden,,1,152,,,
220616MP1,Dolly Varden,,1,151,,,
220616MP1,Dolly Varden,,1,154,,,
220616MP1,Dolly Varden,,1,147,,,
220616MP1,Dolly Varden,,1,148,,,
220616MP1,Dolly Varden,,1,128,,,
220616MP1,Crescent Gunnel,YOY,1,30,,,
220616MP1,Crescent Gunnel,YOY,1,25,,,
220616MP1,Crescent Gunnel,YOY,1,22,,,
220616MP1,Pacific Sand Lance,,1,142,,,
220616MP1,Pacific Sand Lance,,1,168,,,
220616MP1,Pacific Sand Lance,,1,117,,,
220616MP1,Pacific Sand Lance,,1,155,,,
220616MP1,Pacific Sand Lance,,1,114,,,
220616MP1,Pacific Sand Lance,,1,116,,,
220616MP1,Pacific Sand Lance,,1,129,,,
220616MP1,Pacific Sand Lance,,1,115,,,
220616MP1,Pacific Sand Lance,,1,113,,,
220616MP1,Pacific Sand Lance,,1,117,,,
220616MP1,Pacific Sand Lance,,1,116,,,
220616MP1,Pacific Sand Lance,,1,119,,,
220616MP1,Pacific Sand Lance,,1,123,,,
220616MP1,Pacific Sand Lance,,1,133,,,
220616MP1,Pacific Sand Lance,,1,142,,,
220616MP1,Pacific Sand Lance,,1,118,,,
220616MP1,Pacific Sand Lance,,1,125,,,
220616MP1,Sandfish,YOY,1,10,,,
220616MP1,Sandfish,YOY,1,12,,,
220616MP1,Chinook Salmon,Juvenile,1,136,,,
220616MP1,Rock Sole,,1,190,,,
220616MP1,Great Sculpin,,1,85,,,
220616MP1,Great Sculpin,,1,99,,,
220616MP1,Great Sculpin,,1,77,,,
220616MP1,Great Sculpin,,1,95,,,
220616MP1,Great Sculpin,,1,90,,,
220616MP1,Buffalo Sculpin,,1,61,,,
220616MP1,Buffalo Sculpin,,1,85,,,
220616MP1,Buffalo Sculpin,,1,68,,,
220616MP1,Buffalo Sculpin,,1,84,,,
220616MP1,Buffalo Sculpin,,1,69,,,
220616MP1,Buffalo Sculpin,,1,70,,,
220616MP1,White Spotted Greenling,,1,75,,,
220616MP1,Padded Sculpin,,1,78,,,
220616MP1,Padded Sculpin,,1,74,,,
220616MP1,Scalyhead Sculpin,,1,55,,,
220616MP1,Scalyhead Sculpin,,1,54,,,
220616MP1,Scalyhead Sculpin,,1,67,,,
220616MP1,Unidentified Flatfish,,1,15,,,
220616MP2,Pacific Halibut,YOY,1,28,,,photo
220616MP2,Pink Salmon,Juvenile,,55,,,
220616MP2,Pink Salmon,Juvenile,,60,,,
220616MP2,Pink Salmon,Juvenile,,56,,,
220616MP2,Pink Salmon,Juvenile,,57,,,
220616MP2,Pink Salmon,Juvenile,,50,,,
220616MP2,Pink Salmon,Juvenile,,60,,,
220616MP2,Pink Salmon,Juvenile,,61,,,
220616MP2,Pink Salmon,Juvenile,,35,,,
220616MP2,Pink Salmon,Juvenile,,37,,,
220616MP2,Pink Salmon,Juvenile,,54,,,
220616MP2,Pink Salmon,Juvenile,,50,,,
220616MP2,Pink Salmon,Juvenile,,40,,,
220616MP2,Pink Salmon,Juvenile,,46,,,
220616MP2,Pink Salmon,Juvenile,,36,,,
220616MP2,Pink Salmon,Juvenile,,42,,,
220616MP2,Pink Salmon,Juvenile,,35,,,
220616MP2,Pink Salmon,Juvenile,,50,,,
220616MP2,Pink Salmon,Juvenile,,40,,,
220616MP2,Pink Salmon,Juvenile,,42,,,
220616MP2,Pink Salmon,Juvenile,,53,,,
220616MP2,Dolly Varden,Adult,,348,,,
220616MP2,Dolly Varden,,,189,,,
220616MP2,Dolly Varden,,,178,,,
220616MP2,Dolly Varden,,,167,,,
220616MP2,Dolly Varden,,,163,,,
220616MP2,Dolly Varden,,,157,,,
220616MP2,Dolly Varden,,,136,,,
220616MP2,Dolly Varden,,,153,,,
220616MP2,Dolly Varden,,,154,,,
220616MP2,Dolly Varden,,,145,,,
220616MP2,Dolly Varden,,,199,,,
220616MP2,Dolly Varden,,,173,,,
220616MP2,Dolly Varden,,,150,,,
220616MP2,Dolly Varden,,,230,,,
220616MP2,Dolly Varden,,,178,,,
220616MP2,Dolly Varden,,,152,,,
220616MP2,Dolly Varden,,,155,,,
220616MP2,Dolly Varden,,,148,,,
220616MP2,Dolly Varden,,,190,,,
220616MP2,Dolly Varden,,,198,,,
220616MP2,Dolly Varden,,,152,,,
220616MP2,Dolly Varden,,,159,,,
220616MP2,Dolly Varden,,,153,,,
220616MP2,Dolly Varden,,,162,,,
220616MP2,Dolly Varden,,1,,,,
220616MP2,Unidentified Sculpin,,1,22,,,
220616MP2,Unidentified Sculpin,,,16,,,
220616MP2,Unidentified Sculpin,,,15,,,
220616MP2,Unidentified Sculpin,,,19,,,
220616MP2,Unidentified Sculpin,,,14,,,
220616MP2,Unidentified Sculpin,,,11,,,
220616MP2,Unidentified Sculpin,,,16,,,
220616MP2,Unidentified Sculpin,,,19,,,
220616MP2,Unidentified Sculpin,,,12,,,
220616MP2,Unidentified Sculpin,,,11,,,
220616MP2,Unidentified Sculpin,,,20,,,
220616MP2,Unidentified Sculpin,,,20,,,
220616MP2,Unidentified Sculpin,,,25,,,
220616MP2,Unidentified Sculpin,,,27,,,
220616MP2,Unidentified Sculpin,,,20,,,
220616MP2,Unidentified Sculpin,,,10,,,
220616MP2,Unidentified Sculpin,,,16,,,
220616MP2,Unidentified Sculpin,,,26,,,
220616MP2,Unidentified Sculpin,,,19,,,
220616MP2,Unidentified Sculpin,,,19,,,
220616MP2,Unidentified Sculpin,,,21,,,
220616MP2,Coho Salmon,Juvenile,,139,,,
220616MP2,Coho Salmon,Juvenile,,137,,,
220616MP2,Armorhead Sculpin,,,66,,,
220616MP2,Tidepool Sculpin,,,59,,,
220616MP2,Pacific Sand Lance,,,140,,,
220616MP2,Pacific Sand Lance,,,150,,,
220616MP2,Pacific Sand Lance,,,146,,,
220616MP2,Pacific Sand Lance,,,148,,,
220616MP2,Pacific Sand Lance,,,151,,,
220616MP2,Pacific Sand Lance,,,152,,,
220616MP2,Pacific Sand Lance,,,149,,,
220616MP2,Pacific Sand Lance,,,129,,,
220616MP2,Pacific Sand Lance,,,114,,,
220616MP2,Pacific Sand Lance,,,120,,,
220616MP2,Pacific Halibut,Juvenile,,158,,,
220616MP2,Pacific Halibut,Juvenile,,144,,,
220616MP2,Pacific Halibut,Juvenile,,133,,,
220616MP2,Pacific Halibut,Juvenile,,151,,,
220616MP2,Rock Sole,,,190,,,
220616MP2,Rock Sole,,,158,,,
220616MP2,Rock Sole,,,205,,,
220616MP2,Rock Sole,,,94,,,
220616MP2,Rock Sole,,,94,,,
220616MP2,Rock Sole,,,91,,,
220616MP2,Rock Sole,,,107,,,
220616MP2,Rock Sole,,,72,,,
220616MP2,Great Sculpin,,,85,,,
220616MP2,Great Sculpin,,,80,,,
220616MP2,Great Sculpin,,,71,,,
220616MP2,Great Sculpin,,,90,,,
220616MP2,Scalyhead Sculpin,,,72,,,
220616MP2,Scalyhead Sculpin,,,66,,,
220616MP2,Scalyhead Sculpin,,,68,,,
220616MP2,Scalyhead Sculpin,,,65,,,
220616MP2,Scalyhead Sculpin,,,71,,,
220616MP2,Scalyhead Sculpin,,,64,,,
220616MP2,Scalyhead Sculpin,,,82,,,
220616MP2,Padded Sculpin,,,78,,,
220616MP2,Padded Sculpin,,,75,,,
220616MP2,Padded Sculpin,,,70,,,
220616MP2,Padded Sculpin,,,72,,,
220616MP2,Snailfish,,,20,,,
220616MP3,Great Sculpin,,1,280,,,"Missing tail, eating fish"
220616MP3,Pacific Herring,,1,94,,,
220616MP3,Pacific Herring,,1,86,,,
220616MP3,Pacific Herring,,1,107,,,
220616MP3,Pacific Sand Lance,,1,108,,,
220616MP3,Pacific Sand Lance,,1,135,,,
220616MP3,Pacific Sand Lance,,1,137,,,
220616MP3,Pacific Sand Lance,,1,140,,,
220616MP3,Pacific Sand Lance,,1,138,,,
220616MP3,Pacific Sand Lance,,1,108,,,
220616MP3,Pacific Sand Lance,,1,120,,,
220616MP3,Pacific Sand Lance,,1,130,,,
220616MP3,Pacific Sand Lance,,1,123,,,
220616MP3,Pacific Sand Lance,,1,118,,,
220616MP3,Pacific Sand Lance,,1,120,,,
220616MP3,Pacific Sand Lance,,1,115,,,
220616MP3,Pacific Sand Lance,,1,122,,,
220616MP3,Pacific Sand Lance,,1,114,,,
220616MP3,Pacific Sand Lance,,1,112,,,
220616MP3,Pacific Sand Lance,,1,138,,,
220616MP3,Pacific Sand Lance,,1,110,,,
220616MP3,Pacific Sand Lance,,1,108,,,
220616MP3,Pacific Sand Lance,,1,140,,,
220616MP3,Pacific Sand Lance,,1,128,,,
220616MP3,Pacific Sand Lance,,1,111,,,
220616MP3,Pacific Sand Lance,,1,112,,,
220616MP3,Pacific Sand Lance,,1,123,,,
220616MP3,Pacific Sand Lance,,1,142,,,
220616MP3,Pacific Sand Lance,,1,111,,,
220616MP3,Pacific Sand Lance,,1,143,,,
220616MP3,Pacific Sand Lance,,1,125,,,
220616MP3,Pacific Sand Lance,,1,110,,,
220616MP3,Pacific Sand Lance,,1,134,,,
220616MP3,Pacific Sand Lance,,1,140,,,
220616MP3,Pacific Sand Lance,,158,,,,
220616MP3,Pink Salmon,Juvenile,1,65,,,
220616MP3,Pink Salmon,Juvenile,1,63,,,
220616MP3,Pink Salmon,Juvenile,1,33,,,
220616MP3,Sockeye Salmon,Juvenile,1,90,,,
220616MP3,Sockeye Salmon,Juvenile,1,100,,,
220616MP3,Sockeye Salmon,Juvenile,1,108,,,
220616MP3,Sockeye Salmon,Juvenile,1,98,,,
220616MP3,Sockeye Salmon,Juvenile,1,94,,,
220616MP3,Sockeye Salmon,Juvenile,1,95,,,
220616MP3,Sockeye Salmon,Juvenile,1,95,,,
220616MP3,Sockeye Salmon,Juvenile,1,94,,,
220616MP3,Sockeye Salmon,Juvenile,1,89,,,
220616MP3,Sockeye Salmon,Juvenile,1,94,,,
220616MP3,Sockeye Salmon,Juvenile,1,83,,,
220616MP3,Sockeye Salmon,Juvenile,1,95,,,
220616MP3,Sockeye Salmon,Juvenile,1,105,,,
220616MP3,Sockeye Salmon,Juvenile,1,94,,,
220616MP3,Sockeye Salmon,Juvenile,1,90,,,
220616MP3,Sockeye Salmon,Juvenile,1,85,,,
220616MP3,Sockeye Salmon,Juvenile,1,95,,,
220616MP3,Sockeye Salmon,Juvenile,1,85,,,
220616MP3,Sockeye Salmon,Juvenile,1,100,,,
220616MP3,Sockeye Salmon,Juvenile,1,102,,,
220616MP3,Sockeye Salmon,Juvenile,1,96,,,
220616MP3,Sockeye Salmon,Juvenile,1,110,,,
220616MP3,Sockeye Salmon,Juvenile,1,94,,,
220616MP3,Sockeye Salmon,Juvenile,1,96,,,
220616MP3,Sockeye Salmon,Juvenile,1,87,,,
220616MP3,Sockeye Salmon,Juvenile,1,98,,,
220616MP3,Sockeye Salmon,Juvenile,1,94,,,
220616MP3,Sockeye Salmon,Juvenile,1,93,,,
220616MP3,Sockeye Salmon,Juvenile,1,80,,,
220616MP3,Sockeye Salmon,Juvenile,1,94,,,
220616MP3,Sockeye Salmon,Juvenile,44,,,,
220616MP3,Unidentified Sculpin,YOY,1,23,,,
220616MP3,Unidentified Sculpin,YOY,1,16,,,
220616MP3,Unidentified Sculpin,YOY,1,19,,,
220616MP3,Unidentified Sculpin,YOY,1,13,,,
220616MP3,Unidentified Sculpin,YOY,1,25,,,
220616MP3,Unidentified Sculpin,YOY,1,19,,,
220616MP3,Unidentified Sculpin,YOY,1,20,,,
220616MP3,Unidentified Sculpin,YOY,1,24,,,
220616MP3,Unidentified Sculpin,YOY,1,21,,,
220616MP3,Unidentified Sculpin,YOY,1,16,,,
220616MP3,Unidentified Sculpin,YOY,1,18,,,
220616MP3,Unidentified Sculpin,YOY,1,20,,,
220616MP3,Unidentified Sculpin,YOY,1,15,,,
220616MP3,Unidentified Sculpin,YOY,1,16,,,
220616MP3,Unidentified Sculpin,,6,,,,
220616MP3,Chinook Salmon,Juvenile,1,135,,,
220616MP3,Chinook Salmon,Juvenile,1,128,,,
220616MP3,Chinook Salmon,Juvenile,1,118,,,
220616MP3,Chinook Salmon,Juvenile,1,139,,,
220616MP3,Chinook Salmon,Juvenile,1,137,,,
220616MP3,Chinook Salmon,Juvenile,1,132,,,
220616MP3,Chinook Salmon,Juvenile,1,128,,,
220616MP3,Rock Greenling,,1,62,,,
220616MP3,Rock Greenling,,1,59,,,
220616MP3,Coho Salmon,Juvenile,1,131,,,
220617AP1,Tubenose Poacher,,1,46,,,
220617AP1,Tubenose Poacher,,1,40,,,
220617AP1,Tubenose Poacher,,1,41,,,
220617AP1,Tubenose Poacher,,1,23,,,
220617AP1,Sturgeon Poacher,YOY,1,23,,,
220617AP1,Sturgeon Poacher,YOY,1,30,,,
220617AP1,Sturgeon Poacher,YOY,1,26,,,
220617AP1,Sturgeon Poacher,YOY,1,26,,,
220617AP1,Sturgeon Poacher,YOY,1,26,,,
220617AP1,Sturgeon Poacher,YOY,1,24,,,
220617AP1,Sturgeon Poacher,YOY,1,24,,,
220617AP1,English Sole,,1,64,,,
220617AP1,English Sole,,1,58,,,
220617AP1,English Sole,,1,40,,,
220617AP1,English Sole,,1,62,,,
220617AP1,Unidentified Flatfish,YOY,1,12,,,
220617AP1,Starry Flounder,,1,95,,,
220617AP1,Sand Shrimp,,1,44,,,
220617AP1,Sand Shrimp,,1,34,,,
220617AP1,Sand Shrimp,,1,48,,,
220617AP1,Sand Shrimp,,1,46,,,
220617AP1,Sand Shrimp,,1,59,,,
220617AP1,Sand Shrimp,,1,36,,,
220617AP1,Sand Shrimp,,1,41,,,
220617AP1,Sand Shrimp,,1,34,,,
220617AP1,Sand Shrimp,,1,39,,,
220617AP1,Sand Shrimp,,1,35,,,
220617AP1,Sand Shrimp,,1,37,,,
220617AP1,Sand Shrimp,,1,32,,,
220617AP1,Sand Shrimp,,1,50,,,
220617AP1,Sand Shrimp,,1,39,,,
220617AP1,Sand Shrimp,,1,34,,,
220617AP1,Sand Shrimp,,1,30,,,
220617AP1,Sand Shrimp,,1,30,,,
220617AP1,Sand Shrimp,,1,43,,,
220617AP1,Sand Shrimp,,1,47,,,
220617AP1,Sand Shrimp,,1,39,,,
220617AP1,Sand Shrimp,,1,42,,,
220617AP1,Sand Shrimp,,1,36,,,
220617AP1,Sand Shrimp,,1,33,,,
220617AP1,Pacific Sand Lance,,1,87,,,
220617AP1,Butter Sole,YOY,1,34,,,
220617AP1,Butter Sole,YOY,1,34,,,
220617AP1,Butter Sole,YOY,1,34,,,
220617AP1,Butter Sole,YOY,1,33,,,
220617AP1,Butter Sole,YOY,1,33,,,
220617AP1,Butter Sole,YOY,1,25,,,
220617AP1,Butter Sole,YOY,1,30,,,
220617AP1,Butter Sole,YOY,1,28,,,
220617AP1,Butter Sole,YOY,1,31,,,
220617AP1,Butter Sole,YOY,1,28,,,
220617AP1,Butter Sole,YOY,1,25,,,
220617AP1,Butter Sole,YOY,1,24,,,
220617AP1,Butter Sole,YOY,1,27,,,
220617AP1,Rock Greenling,,1,54,,,
220617AP1,Rock Sole,,1,130,,,
220617AP1,Rock Sole,,1,103,,,
220617AP1,Rock Sole,,1,86,,,
220617AP1,Rock Sole,,1,86,,,
220617AP1,Sand Sole,,1,90,,,
220617AP1,Sand Sole,,1,87,,,
220617AP2,Sand Shrimp,,1,51,,,
220617AP2,Sand Shrimp,,1,53,,,
220617AP2,Sand Shrimp,,1,37,,,
220617AP2,Sand Shrimp,,1,45,,,
220617AP2,Sand Shrimp,,1,65,,,
220617AP2,Sand Shrimp,,1,40,,,
220617AP2,Sand Shrimp,,1,34,,,
220617AP2,Sand Shrimp,,1,36,,,
220617AP2,Sand Shrimp,,1,50,,,
220617AP2,Sand Shrimp,,1,38,,,
220617AP2,Sand Shrimp,,1,39,,,
220617AP2,Sand Shrimp,,1,47,,,
220617AP2,Sand Shrimp,,1,42,,,
220617AP2,Sand Shrimp,,1,43,,,
220617AP2,Sand Shrimp,,1,34,,,
220617AP2,Sand Shrimp,,1,41,,,
220617AP2,Sand Shrimp,,1,44,,,
220617AP2,Sand Shrimp,,1,42,,,
220617AP2,Sand Shrimp,,1,30,,,
220617AP2,Sand Shrimp,,1,27,,,
220617AP2,Sand Shrimp,,1,42,,,
220617AP2,Sand Shrimp,,1,41,,,
220617AP2,Sand Shrimp,,1,34,,,
220617AP2,Sand Shrimp,,1,40,,,
220617AP2,Sand Shrimp,,1,38,,,
220617AP2,Sand Shrimp,,1,48,,,
220617AP2,Sand Shrimp,,1,42,,,
220617AP2,Sand Shrimp,,1,45,,,
220617AP2,Rock Sole,,1,90,,,
220617AP2,Rock Sole,,1,99,,,
220617AP2,Butter Sole,YOY,1,26,,,
220617AP2,Butter Sole,YOY,1,26,,,
220617AP2,Butter Sole,YOY,1,28,,,
220617AP2,Butter Sole,YOY,1,33,,,
220617AP2,Butter Sole,,1,68,,,
220617AP2,Sand Sole,,1,68,,,
220617AP2,Sand Sole,,1,150,,,
220617AP2,Sand Sole,,1,105,,,
220617AP2,Sand Sole,,1,61,,,
220617AP2,Sand Sole,,1,72,,,
220617AP2,Sand Sole,,1,71,,,
220617AP2,Sand Sole,,1,57,,,
220617AP2,Sand Sole,,1,54,,,
220617AP2,Sand Sole,,1,187,,,
220617AP2,Sand Sole,,1,65,,,
220617AP2,Sand Sole,,1,28,,,
220617AP2,Sand Sole,,1,40,,,
220617AP2,Sand Sole,,1,68,,,
220617AP2,Sand Sole,,1,80,,,
220617AP2,Staghorn Sculpin,,1,238,,,
220617AP2,Staghorn Sculpin,,1,75,,,
220617AP2,Tubenose Poacher,YOY,1,30,,,
220617AP2,English Sole,,1,50,,,
220617AP2,English Sole,,1,61,,,
220617AP2,English Sole,,1,54,,,
220617AP2,English Sole,,1,62,,,
220617AP2,English Sole,,1,62,,,
220617AP2,English Sole,,1,80,,,
220617AP2,Unidentified Flatfish,YOY,1,25,,,
220617AP2,Unidentified Flatfish,YOY,1,15,,,
220617AP2,Unidentified Flatfish,YOY,1,33,,,
220617AP2,Sturgeon Poacher,YOY,1,25,,,
220617AP2,Sturgeon Poacher,YOY,1,25,,,
220617AP2,Starry Flounder,,1,270,,,
220617AP2,Surf Smelt,YOY,1,41,,,
220617AP2,Surf Smelt,YOY,1,40,,,
220617AP3,Sand Sole,,1,155,,,
220617AP3,Sand Sole,,1,190,,,
220617AP3,Sand Sole,,1,60,,,
220617AP3,Sand Sole,,1,84,,,
220617AP3,Sand Sole,,1,184,,,
220617AP3,Sand Sole,,1,34,,,
220617AP3,Sand Sole,,1,30,,,
220617AP3,Butter Sole,YOY,1,29,,,
220617AP3,Butter Sole,YOY,1,33,,,
220617AP3,Sand Shrimp,,1,40,,,
220617AP3,Sand Shrimp,,1,44,,,
220617AP3,Sand Shrimp,,1,43,,,
220617AP3,Sand Shrimp,,1,32,,,
220617AP3,Sand Shrimp,,1,52,,,
220617AP3,Sand Shrimp,,1,39,,,
220617AP3,Sand Shrimp,,1,40,,,
220617AP3,Sand Shrimp,,1,39,,,
220617AP3,Sand Shrimp,,1,46,,,
220617AP3,Sand Shrimp,,1,45,,,
220617AP3,Sand Shrimp,,1,41,,,
220617AP3,Sand Shrimp,,1,35,,,
220617AP3,Sand Shrimp,,1,34,,,
220617AP3,Sand Shrimp,,1,43,,,
220617AP3,Sand Shrimp,,1,46,,,
220617AP3,Sand Shrimp,,1,35,,,
220617AP3,Sand Shrimp,,1,35,,,
220617AP3,Sandfish,,1,171,,,
220617AP3,Sandfish,,1,166,,,
220617AP3,Pink Salmon,Juvenile,1,47,,,
220617AP3,Unidentified Flatfish,YOY,1,32,,,
220617AP3,Unidentified Flatfish,YOY,1,31,,,
220617AP3,Unidentified Flatfish,YOY,1,29,,,
220617AP3,Unidentified Flatfish,YOY,1,25,,,
220617AP3,Saffron Cod,YOY,1,24,,,
220617AP3,Rock Sole,YOY,1,21,,,
220617AP4,Staghorn Sculpin,,1,266,,,
220617AP4,Butter Sole,YOY,1,31,,,
220617AP4,Pacific Sand Lance,YOY,1,46,,,
220617AP4,English Sole,,1,54,,,
220617AP4,English Sole,,1,60,,,
220617AP4,Sand Sole,,1,159,,,
220617AP4,Sand Sole,,1,135,,,
220617AP4,Sand Sole,,1,219,,,
220617AP4,Sand Sole,,1,85,,,
220617AP4,Sand Sole,,1,190,,,
220617AP4,Sand Sole,,1,78,,,
220617AP4,Sand Sole,,1,72,,,
220617AP4,Sand Sole,,1,178,,,
220617AP4,Sand Sole,,1,79,,,
220617AP4,Sand Sole,,1,233,,,
220617AP4,Sand Sole,,1,160,,,
220617AP4,Sand Sole,,1,135,,,
220617AP4,Sand Sole,,1,150,,,
220617AP4,Sand Sole,,1,74,,,
220617AP4,Sand Sole,,1,60,,,
220617AP4,Sand Sole,,1,148,,,
220617AP4,Sand Sole,,1,95,,,
220617AP4,Sand Sole,,1,87,,,
220617AP4,Sand Sole,,1,92,,,
220617AP4,Pacific Herring,,1,113,,,Pictures
220617AP4,Pacific Herring,,1,117,,,Pictures
220617AP4,Pacific Herring,,1,111,,,Pictures
220617AP4,Coho Salmon,Juvenile,1,113,,,
220617AP4,Coho Salmon,Juvenile,1,107,,,
220617AP4,Coho Salmon,Juvenile,1,107,,,
220617AP4,Coho Salmon,Juvenile,1,110,,,
220617AP4,Coho Salmon,Juvenile,1,120,,,
220617AP4,Coho Salmon,Juvenile,1,109,,,
220617AP4,Coho Salmon,Juvenile,1,116,,,
220617AP4,Coho Salmon,Juvenile,1,117,,,
220617AP4,Coho Salmon,Juvenile,1,112,,,
220617AP4,Coho Salmon,Juvenile,1,119,,,
220617AP4,Coho Salmon,Juvenile,1,124,,,
220617AP4,Coho Salmon,Juvenile,1,102,,,
220617AP4,Coho Salmon,Juvenile,1,128,,,
220617AP4,Coho Salmon,Juvenile,1,103,,,
220617AP4,Coho Salmon,Juvenile,1,120,,,
220617AP4,Coho Salmon,Juvenile,1,106,,,
220617AP4,Coho Salmon,Juvenile,1,110,,,
220617AP4,Coho Salmon,Juvenile,1,129,,,
220617AP4,Coho Salmon,Juvenile,1,104,,,
220617AP4,Coho Salmon,Juvenile,1,129,,,
220617AP4,Coho Salmon,Juvenile,1,97,,,
220617AP4,Coho Salmon,Juvenile,1,98,,,
220617AP4,Sand Shrimp,,1,55,,,
220617AP4,Sand Shrimp,,1,50,,,
220617AP4,Sand Shrimp,,1,45,,,
220617AP4,Sand Shrimp,,1,50,,,
220617AP4,Sand Shrimp,,1,45,,,
220617AP4,Sand Shrimp,,1,55,,,
220617AP4,Sand Shrimp,,1,46,,,
220617AP4,Sand Shrimp,,1,33,,,
220617AP4,Sand Shrimp,,1,32,,,
220617AP4,Sand Shrimp,,1,40,,,
220617AP4,Sand Shrimp,,1,41,,,
220617AP4,Sand Shrimp,,1,45,,,
220617AP4,Sand Shrimp,,1,49,,,
220617AP4,Sand Shrimp,,1,61,,,
220617AP4,Sand Shrimp,,1,38,,,
220617AP4,Sand Shrimp,,1,38,,,
220617AP4,Sand Shrimp,,1,38,,,
220617AP4,Sand Shrimp,,1,42,,,
220617AP4,Sand Shrimp,,1,32,,,
220617AP4,Sand Shrimp,,1,46,,,
220617AP4,Sand Shrimp,,1,36,,,
220617AP4,Sand Shrimp,,1,27,,,
220617AP4,Rock Sole,,1,131,,,
220617AP4,Rock Sole,,1,92,,,
220617AP4,Rock Sole,,1,89,,,
220617AP4,Rock Sole,,1,64,,,
220617AP4,Unidentified Flatfish,YOY,1,25,,,
220617AP4,Unidentified Flatfish,YOY,1,24,,,
220617AP4,Unidentified Flatfish,YOY,1,25,,,
220617AP4,Unidentified Flatfish,YOY,1,26,,,
220617AP4,Unidentified Flatfish,YOY,1,24,,,
220617AP4,Unidentified Flatfish,YOY,1,24,,,
220617AP4,Dolly Varden,,1,132,,,
220617AP4,Pacific Halibut,Juvenile,1,32,,,
220617AP4,Pacific Halibut,Juvenile,1,60,,,
220617AP4,Pacific Halibut,Juvenile,1,51,,,
220617AP4,Pacific Halibut,Juvenile,1,42,,,
220617AP4,Saffron Cod,YOY,1,41,,,
220617AP4,Saffron Cod,YOY,1,29,,,
220617AP4,Tubenose Poacher,YOY,1,36,,,
220617AP4,Chinook Salmon,Juvenile,1,107,,,
220617AP4,Chinook Salmon,Juvenile,1,99,,,
220628CP1,Pacific Halibut,Juvenile,1,47,,,
220628CP1,Pacific Halibut,Juvenile,1,37,,,
220628CP1,Pacific Halibut,Juvenile,1,50,,,
220628CP1,Pacific Halibut,Juvenile,1,35,,,
220628CP1,Pacific Halibut,Juvenile,1,30,,,
220628CP1,Pacific Halibut,Juvenile,1,28,,,
220628CP1,Pacific Halibut,Juvenile,1,44,,,
220628CP1,Pacific Halibut,Juvenile,1,42,,,
220628CP1,Pacific Halibut,Juvenile,1,43,,,
220628CP1,Pacific Halibut,Juvenile,1,47,,,
220628CP1,Pacific Halibut,Juvenile,1,42,,,
220628CP1,Unidentified Flatfish,YOY,1,24,,,
220628CP1,Unidentified Flatfish,YOY,1,20,,,
220628CP1,Unidentified Flatfish,YOY,1,20,,,
220628CP1,Unidentified Flatfish,YOY,1,25,,,
220628CP1,Unidentified Flatfish,YOY,1,34,,,
220628CP1,Unidentified Flatfish,YOY,1,36,,,
220628CP1,Unidentified Flatfish,YOY,1,22,,,
220628CP1,Unidentified Flatfish,YOY,1,24,,,
220628CP1,Unidentified Flatfish,YOY,1,21,,,
220628CP1,Unidentified Flatfish,YOY,1,26,,,
220628CP1,Unidentified Flatfish,YOY,1,29,,,
220628CP1,Unidentified Flatfish,YOY,1,20,,,
220628CP1,Unidentified Flatfish,YOY,1,22,,,
220628CP1,Unidentified Flatfish,YOY,1,26,,,
220628CP1,Unidentified Flatfish,YOY,1,20,,,
220628CP1,Unidentified Flatfish,YOY,1,43,,,
220628CP1,Unidentified Flatfish,YOY,1,25,,,
220628CP1,Unidentified Flatfish,YOY,1,20,,,
220628CP1,Unidentified Flatfish,YOY,1,23,,,
220628CP1,Unidentified Flatfish,YOY,1,27,,,
220628CP1,Unidentified Flatfish,YOY,1,28,,,
220628CP1,Unidentified Flatfish,YOY,1,27,,,
220628CP1,Unidentified Flatfish,YOY,1,28,,,
220628CP1,Unidentified Flatfish,YOY,1,26,,,
220628CP1,Unidentified Flatfish,YOY,1,19,,,
220628CP1,Unidentified Flatfish,YOY,1,26,,,
220628CP1,Unidentified Flatfish,YOY,1,19,,,
220628CP1,Unidentified Flatfish,YOY,1,26,,,
220628CP1,Unidentified Flatfish,YOY,1,25,,,
220628CP1,Unidentified Flatfish,YOY,1,30,,,
220628CP1,Unidentified Flatfish,YOY,1,23,,,
220628CP1,Unidentified Flatfish,YOY,1,27,,,
220628CP1,Unidentified Flatfish,YOY,145,,,,
220628CP1,Unidentified Sculpin,YOY,1,30,,,
220628CP1,Unidentified Sculpin,YOY,1,30,,,
220628CP1,Unidentified Sculpin,YOY,1,22,,,
220628CP1,Unidentified Sculpin,YOY,1,22,,,
220628CP1,Unidentified Sculpin,YOY,1,30,,,
220628CP1,Unidentified Sculpin,YOY,1,36,,,
220628CP1,Unidentified Sculpin,YOY,1,25,,,
220628CP1,Unidentified Sculpin,YOY,1,27,,,
220628CP1,Unidentified Sculpin,YOY,1,25,,,
220628CP1,Unidentified Sculpin,YOY,1,32,,,
220628CP1,Unidentified Sculpin,YOY,1,33,,,
220628CP1,Unidentified Sculpin,YOY,1,30,,,
220628CP1,Unidentified Sculpin,YOY,1,34,,,
220628CP1,Unidentified Sculpin,YOY,1,24,,,
220628CP1,Unidentified Sculpin,YOY,1,25,,,
220628CP1,Unidentified Sculpin,YOY,1,28,,,
220628CP1,Unidentified Sculpin,YOY,1,34,,,
220628CP1,Unidentified Sculpin,YOY,1,27,,,
220628CP1,Unidentified Sculpin,YOY,1,31,,,
220628CP1,Unidentified Sculpin,YOY,1,36,,,
220628CP1,Unidentified Sculpin,YOY,1,34,,,
220628CP1,Unidentified Sculpin,YOY,1,32,,,
220628CP1,Unidentified Sculpin,YOY,1,24,,,
220628CP1,Unidentified Sculpin,YOY,1,26,,,
220628CP1,Unidentified Sculpin,YOY,1,27,,,
220628CP1,Unidentified Sculpin,YOY,1,31,,,
220628CP1,Unidentified Sculpin,YOY,1,21,,,
220628CP1,Unidentified Sculpin,YOY,1,24,,,
220628CP1,Unidentified Sculpin,YOY,1,19,,,
220628CP1,Unidentified Sculpin,YOY,1,21,,,
220628CP1,Unidentified Sculpin,YOY,70,,,,
220628CP1,Pink Salmon,Juvenile,1,82,,,
220628CP1,Pink Salmon,Juvenile,1,79,,,
220628CP1,Pink Salmon,Juvenile,1,73,,,
220628CP1,Pink Salmon,Juvenile,1,86,,,
220628CP1,Pink Salmon,Juvenile,1,72,,,
220628CP1,Pink Salmon,Juvenile,1,78,,,
220628CP1,Pink Salmon,Juvenile,1,77,,,
220628CP1,Pink Salmon,Juvenile,1,88,,,
220628CP1,Pink Salmon,Juvenile,1,81,,,
220628CP1,Pink Salmon,Juvenile,1,74,,,
220628CP1,Pink Salmon,Juvenile,1,71,,,
220628CP1,Pink Salmon,Juvenile,1,75,,,
220628CP1,Pink Salmon,Juvenile,1,77,,,
220628CP1,Pink Salmon,Juvenile,1,79,,,
220628CP1,Pink Salmon,Juvenile,1,74,,,
220628CP1,Pink Salmon,Juvenile,1,83,,,
220628CP1,Pink Salmon,Juvenile,1,73,,,
220628CP1,Pink Salmon,Juvenile,1,73,,,
220628CP1,Pink Salmon,Juvenile,1,80,,,
220628CP1,Pink Salmon,Juvenile,1,76,,,
220628CP1,Pink Salmon,Juvenile,1,78,,,
220628CP1,Pink Salmon,Juvenile,1,76,,,
220628CP1,Pink Salmon,Juvenile,1,76,,,
220628CP1,Pink Salmon,Juvenile,1,77,,,
220628CP1,Pink Salmon,Juvenile,1,69,,,
220628CP1,Pink Salmon,Juvenile,1,86,,,
220628CP1,Pink Salmon,Juvenile,1,72,,,
220628CP1,Pink Salmon,Juvenile,1,71,,,
220628CP1,Pink Salmon,Juvenile,1,83,,,
220628CP1,Pink Salmon,Juvenile,1,68,,,
220628CP1,Pink Salmon,Juvenile,10,,,,
220628CP1,Dolly Varden,,1,172,,,
220628CP1,Dolly Varden,,1,140,,,
220628CP1,Dolly Varden,,1,146,,,
220628CP1,Rock Sole,,1,79,,,
220628CP1,Rock Sole,,1,76,,,
220628CP1,Rock Sole,,1,72,,,
220628CP1,Rock Sole,,1,88,,,
220628CP1,Rock Sole,,1,124,,,
220628CP1,Great Sculpin,,1,36,,,
220628CP1,Great Sculpin,,1,30,,,
220628CP1,Great Sculpin,,1,27,,,
220628CP1,Great Sculpin,,1,36,,,
220628CP1,Sand Shrimp,,1,45,,,
220628CP1,Sand Shrimp,,1,33,,,
220628CP1,Sand Shrimp,,1,46,,,
220628CP1,Sand Shrimp,,1,42,,,
220628CP1,Sand Shrimp,,1,50,,,
220628CP1,Sand Shrimp,,1,60,,,
220628CP1,Sand Shrimp,,1,57,,,
220628CP1,Sand Shrimp,,1,35,,,
220628CP1,Sand Shrimp,,1,57,,,
220628CP1,Sand Shrimp,,1,35,,,
220628CP1,Sand Shrimp,,1,50,,,
220628CP1,Sand Shrimp,,1,42,,,
220628CP1,Sand Shrimp,,1,40,,,
220628CP1,Sand Shrimp,,1,40,,,
220628CP1,Sand Shrimp,,1,40,,,
220628CP1,Sand Shrimp,,1,42,,,
220628CP1,Sand Shrimp,,1,40,,,
220628CP1,Sand Shrimp,,1,40,,,
220628CP1,Sand Shrimp,,1,35,,,
220628CP1,Sand Shrimp,,1,36,,,
220628CP1,Staghorn Sculpin,,1,265,,,
220628CP1,Staghorn Sculpin,,1,119,,,
220628CP1,Starry Flounder,,1,286,,,
220628CP1,Sturgeon Poacher,YOY,1,24,,,
220628CP1,Sturgeon Poacher,YOY,1,27,,,
220628CP1,Sturgeon Poacher,YOY,1,25,,,
220628CP1,Sturgeon Poacher,YOY,1,32,,,
220628CP1,Sturgeon Poacher,YOY,1,25,,,
220628CP1,Sturgeon Poacher,YOY,1,25,,,
220628CP1,Sturgeon Poacher,YOY,1,22,,,
220628CP1,Sturgeon Poacher,YOY,1,28,,,
220628CP1,Sturgeon Poacher,YOY,1,30,,,
220628CP1,Sturgeon Poacher,YOY,1,23,,,
220628CP1,Sturgeon Poacher,YOY,1,24,,,
220628CP1,Sturgeon Poacher,YOY,1,30,,,
220628CP1,Sturgeon Poacher,YOY,1,22,,,
220628CP1,Sturgeon Poacher,YOY,1,35,,,
220628CP1,Sturgeon Poacher,YOY,1,25,,,
220628CP1,Sturgeon Poacher,YOY,1,25,,,
220628CP1,Sturgeon Poacher,YOY,1,25,,,
220628CP1,Sturgeon Poacher,YOY,1,25,,,
220628CP1,Sturgeon Poacher,YOY,1,27,,,
220628CP1,Sturgeon Poacher,YOY,1,30,,,
220628CP1,Sturgeon Poacher,YOY,1,26,,,
220628CP1,Sturgeon Poacher,YOY,1,26,,,
220628CP1,Sturgeon Poacher,YOY,1,26,,,
220628CP1,Sturgeon Poacher,YOY,1,26,,,
220628CP1,Sturgeon Poacher,YOY,1,33,,,
220628CP1,Sturgeon Poacher,YOY,1,26,,,
220628CP1,Sturgeon Poacher,YOY,1,34,,,
220628CP1,Sturgeon Poacher,YOY,1,12,,,
220628CP1,Sturgeon Poacher,YOY,1,32,,,
220628CP1,Sturgeon Poacher,YOY,1,29,,,
220628CP1,Sturgeon Poacher,YOY,40,,,,
220628CP1,Pacific Sand Lance,,1,110,,,
220628CP1,Sandfish,,66,,,,
220628CP1,Dungeness Crab,,1,25,,,
220628CP1,Snailfish,,,57,,,
220628CP1,Snailfish,,,13,,,
220628CP2,Scalyhead Sculpin,,1,60,,,
220628CP2,Unidentified Sculpin,YOY,1,33,,,
220628CP2,Unidentified Sculpin,YOY,1,35,,,
220628CP2,Unidentified Sculpin,YOY,1,34,,,
220628CP2,Unidentified Sculpin,YOY,1,25,,,
220628CP2,Unidentified Sculpin,YOY,1,32,,,
220628CP2,Unidentified Sculpin,YOY,1,36,,,
220628CP2,Unidentified Sculpin,YOY,1,32,,,
220628CP2,Starry Flounder,Adult,1,600,,,
220628CP2,Starry Flounder,,1,56,,,
220628CP2,Sand Sole,Adult,1,404,,,
220628CP2,Unidentified Flatfish,YOY,1,13,,,
220628CP2,Unidentified Flatfish,YOY,1,13,,,
220628CP2,Unidentified Flatfish,YOY,1,19,,,
220628CP2,Unidentified Flatfish,YOY,1,25,,,
220628CP2,Unidentified Flatfish,YOY,1,22,,,
220628CP2,Unidentified Flatfish,YOY,1,23,,,
220628CP2,Unidentified Flatfish,YOY,1,25,,,
220628CP2,Unidentified Flatfish,YOY,1,15,,,
220628CP2,Unidentified Flatfish,YOY,1,33,,,
220628CP2,Unidentified Flatfish,YOY,1,30,,,
220628CP2,Unidentified Flatfish,YOY,1,25,,,
220628CP2,Unidentified Flatfish,YOY,1,25,,,
220628CP2,Unidentified Flatfish,YOY,1,29,,,
220628CP2,Unidentified Flatfish,YOY,1,20,,,
220628CP2,Unidentified Flatfish,YOY,1,22,,,
220628CP2,Unidentified Flatfish,YOY,1,23,,,
220628CP2,Unidentified Flatfish,YOY,1,22,,,
220628CP2,Unidentified Flatfish,YOY,1,30,,,
220628CP2,Unidentified Flatfish,YOY,1,25,,,
220628CP2,Unidentified Flatfish,YOY,1,19,,,
220628CP2,Unidentified Flatfish,YOY,1,18,,,
220628CP2,Unidentified Flatfish,YOY,1,17,,,
220628CP2,Unidentified Flatfish,YOY,1,15,,,
220628CP2,Unidentified Flatfish,YOY,1,20,,,
220628CP2,Unidentified Flatfish,YOY,1,19,,,
220628CP2,Unidentified Flatfish,YOY,1,22,,,
220628CP2,Unidentified Flatfish,YOY,1,12,,,
220628CP2,Unidentified Flatfish,YOY,1,22,,,
220628CP2,Unidentified Flatfish,YOY,1,25,,,
220628CP2,Unidentified Flatfish,YOY,1,25,,,
220628CP2,Unidentified Flatfish,YOY,34,,,,
220628CP2,Unidentified Sculpin,YOY,1,21,,,
220628CP2,Unidentified Sculpin,YOY,1,26,,,
220628CP2,Unidentified Sculpin,YOY,1,20,,,
220628CP2,Unidentified Sculpin,YOY,1,26,,,
220628CP2,Unidentified Sculpin,YOY,1,30,,,
220628CP2,Unidentified Sculpin,YOY,1,26,,,
220628CP2,Unidentified Sculpin,YOY,1,28,,,
220628CP2,Unidentified Sculpin,YOY,1,28,,,
220628CP2,Unidentified Sculpin,YOY,1,29,,,
220628CP2,Unidentified Sculpin,YOY,1,26,,,
220628CP2,Unidentified Sculpin,YOY,1,26,,,
220628CP2,Unidentified Sculpin,YOY,1,30,,,
220628CP2,Unidentified Sculpin,YOY,1,30,,,
220628CP2,Unidentified Sculpin,YOY,1,19,,,
220628CP2,Unidentified Sculpin,YOY,1,27,,,
220628CP2,Unidentified Sculpin,YOY,1,30,,,
220628CP2,Unidentified Sculpin,YOY,1,20,,,
220628CP2,Unidentified Sculpin,YOY,1,19,,,
220628CP2,Unidentified Sculpin,YOY,1,25,,,
220628CP2,Unidentified Sculpin,YOY,1,23,,,
220628CP2,Unidentified Sculpin,YOY,1,18,,,
220628CP2,Unidentified Sculpin,YOY,1,21,,,
220628CP2,Unidentified Sculpin,YOY,1,24,,,
220628CP2,Unidentified Sculpin,YOY,1,20,,,
220628CP2,Unidentified Sculpin,YOY,1,22,,,
220628CP2,Unidentified Sculpin,YOY,1,25,,,
220628CP2,Unidentified Sculpin,YOY,1,27,,,
220628CP2,Unidentified Sculpin,YOY,1,29,,,
220628CP2,Unidentified Sculpin,YOY,33,,,,
220628CP2,Sandfish,YOY,1,27,,,
220628CP2,Sand Shrimp,,1,56,,,
220628CP2,Sand Shrimp,,1,38,,,
220628CP2,Sand Shrimp,,1,45,,,
220628CP2,Sand Shrimp,,1,45,,,
220628CP2,Sand Shrimp,,1,58,,,
220628CP2,Sand Shrimp,,1,40,,,
220628CP2,Sand Shrimp,,1,38,,,
220628CP2,Sand Shrimp,,1,39,,,
220628CP2,Sand Shrimp,,1,52,,,
220628CP2,Sand Shrimp,,1,42,,,
220628CP2,Sand Shrimp,,1,41,,,
220628CP2,Sand Shrimp,,1,46,,,
220628CP2,Sand Shrimp,,1,41,,,
220628CP2,Sand Shrimp,,1,43,,,
220628CP2,Sand Shrimp,,1,40,,,
220628CP2,Sand Shrimp,,1,38,,,
220628CP2,Sand Shrimp,,1,57,,,
220628CP2,Sand Shrimp,,1,46,,,
220628CP2,Sand Shrimp,,1,50,,,
220628CP2,Sand Shrimp,,1,38,,,
220628CP2,Sand Shrimp,,1,39,,,
220628CP2,Sand Shrimp,,1,42,,,
220628CP2,Sand Shrimp,,1,39,,,
220628CP2,Sand Shrimp,,1,40,,,
220628CP2,Sand Shrimp,,1,41,,,
220628CP2,Sand Shrimp,,1,32,,,
220628CP2,Sand Shrimp,,1,44,,,
220628CP2,Sand Shrimp,,1,26,,,
220628CP2,Sand Shrimp,,1,38,,,
220628CP2,Sand Shrimp,,1,40,,,
220628CP2,Sand Shrimp,,8,,,,
220628CP2,Rock Sole,,1,73,,,
220628CP2,Rock Sole,,1,73,,,
220628CP2,Rock Sole,,1,64,,,
220628CP2,Rock Sole,,1,66,,,
220628CP2,Rock Sole,,1,69,,,
220628CP2,Rock Sole,,1,74,,,
220628CP2,Rock Sole,,1,103,,,
220628CP2,Pacific Halibut,Juvenile,1,57,,,
220628CP2,Pacific Halibut,Juvenile,1,45,,,
220628CP2,Pacific Halibut,Juvenile,1,49,,,
220628CP2,Pacific Halibut,Juvenile,1,40,,,
220628CP2,Pacific Halibut,Juvenile,1,43,,,
220628CP2,Pacific Halibut,Juvenile,1,44,,,
220628CP2,Great Sculpin,,1,32,,,
220628CP2,Great Sculpin,,1,37,,,
220628CP2,Great Sculpin,,1,37,,,
220628CP2,Great Sculpin,,1,33,,,
220628CP2,Great Sculpin,,1,35,,,
220628CP2,Great Sculpin,,1,37,,,
220628CP2,Snailfish,,1,43,,,
220628CP2,Snailfish,,1,11,,,
220628CP2,Sturgeon Poacher,YOY,1,33,,,
220628CP2,Sturgeon Poacher,YOY,1,23,,,
220628CP2,Sturgeon Poacher,YOY,1,35,,,
220628CP2,Sturgeon Poacher,YOY,1,28,,,
220628CP2,Sturgeon Poacher,YOY,1,22,,,
220628CP2,Sturgeon Poacher,YOY,1,23,,,
220628CP2,Sturgeon Poacher,YOY,1,30,,,
220628CP2,Sturgeon Poacher,YOY,1,26,,,
220628CP2,Sturgeon Poacher,YOY,1,33,,,
220628CP2,Sturgeon Poacher,YOY,1,27,,,
220628CP2,Sturgeon Poacher,YOY,1,25,,,
220628CP2,Sturgeon Poacher,YOY,1,32,,,
220628CP2,Sturgeon Poacher,YOY,1,30,,,
220628CP2,Sturgeon Poacher,YOY,1,32,,,
220628CP2,Sturgeon Poacher,YOY,1,29,,,
220628CP2,Sturgeon Poacher,YOY,1,24,,,
220628CP2,Sturgeon Poacher,YOY,1,24,,,
220628CP2,Sturgeon Poacher,YOY,1,25,,,
220628CP2,Sturgeon Poacher,YOY,1,33,,,
220628CP2,Sturgeon Poacher,YOY,1,25,,,
220628CP2,Sturgeon Poacher,YOY,1,22,,,
220628CP2,Sturgeon Poacher,YOY,1,28,,,
220628CP2,Sturgeon Poacher,YOY,1,35,,,
220628CP2,Sturgeon Poacher,YOY,1,30,,,
220628CP2,Sturgeon Poacher,YOY,1,36,,,
220628CP2,Sturgeon Poacher,YOY,1,24,,,
220628CP2,Sturgeon Poacher,YOY,1,23,,,
220628CP2,Sturgeon Poacher,YOY,1,30,,,
220628CP2,Sturgeon Poacher,YOY,1,22,,,
220628CP2,Sturgeon Poacher,YOY,1,27,,,
220628CP2,Sturgeon Poacher,YOY,7,,,,
220628CP2,Graceful Decorator Crab,,1,12,,,
220628CP3,Unidentified Flatfish,YOY,1,35,,,
220628CP3,Unidentified Flatfish,YOY,1,30,,,
220628CP3,Unidentified Flatfish,YOY,1,29,,,
220628CP3,Unidentified Flatfish,YOY,1,10,,,
220628CP3,Unidentified Flatfish,YOY,1,21,,,
220628CP3,Unidentified Flatfish,YOY,1,21,,,
220628CP3,Unidentified Flatfish,YOY,1,23,,,
220628CP3,Unidentified Flatfish,YOY,1,26,,,
220628CP3,Unidentified Flatfish,YOY,1,22,,,
220628CP3,Unidentified Flatfish,YOY,1,16,,,
220628CP3,Unidentified Flatfish,YOY,1,16,,,
220628CP3,Unidentified Flatfish,YOY,1,21,,,
220628CP3,Unidentified Flatfish,YOY,1,20,,,
220628CP3,Unidentified Flatfish,YOY,1,18,,,
220628CP3,Unidentified Flatfish,YOY,1,23,,,
220628CP3,Unidentified Flatfish,YOY,1,19,,,
220628CP3,Unidentified Flatfish,YOY,1,23,,,
220628CP3,Unidentified Flatfish,YOY,1,21,,,
220628CP3,Unidentified Flatfish,YOY,1,26,,,
220628CP3,Unidentified Flatfish,YOY,1,17,,,
220628CP3,Unidentified Flatfish,YOY,1,34,,,
220628CP3,Unidentified Flatfish,YOY,1,26,,,
220628CP3,Unidentified Flatfish,YOY,1,15,,,
220628CP3,Unidentified Flatfish,YOY,1,16,,,
220628CP3,Unidentified Flatfish,YOY,1,14,,,
220628CP3,Unidentified Flatfish,YOY,1,15,,,
220628CP3,Unidentified Flatfish,YOY,1,25,,,
220628CP3,Unidentified Flatfish,YOY,1,23,,,
220628CP3,Unidentified Flatfish,YOY,1,24,,,
220628CP3,Unidentified Flatfish,YOY,1,25,,,
220628CP3,Unidentified Flatfish,YOY,111,,,,
220628CP3,Unidentified Sculpin,YOY,1,13,,,
220628CP3,Unidentified Sculpin,YOY,1,28,,,
220628CP3,Unidentified Sculpin,YOY,1,23,,,
220628CP3,Unidentified Sculpin,YOY,1,22,,,
220628CP3,Unidentified Sculpin,YOY,1,24,,,
220628CP3,Unidentified Sculpin,YOY,1,25,,,
220628CP3,Unidentified Sculpin,YOY,1,18,,,
220628CP3,Unidentified Sculpin,YOY,1,30,,,
220628CP3,Unidentified Sculpin,YOY,1,22,,,
220628CP3,Unidentified Sculpin,YOY,1,24,,,
220628CP3,Unidentified Sculpin,YOY,1,33,,,
220628CP3,Unidentified Sculpin,YOY,1,19,,,
220628CP3,Unidentified Sculpin,YOY,1,36,,,
220628CP3,Unidentified Sculpin,YOY,1,28,,,
220628CP3,Unidentified Sculpin,YOY,1,21,,,
220628CP3,Unidentified Sculpin,YOY,1,25,,,
220628CP3,Unidentified Sculpin,YOY,1,27,,,
220628CP3,Unidentified Sculpin,YOY,1,24,,,
220628CP3,Unidentified Sculpin,YOY,1,22,,,
220628CP3,Unidentified Sculpin,YOY,1,19,,,
220628CP3,Unidentified Sculpin,YOY,1,26,,,
220628CP3,Unidentified Sculpin,YOY,1,23,,,
220628CP3,Unidentified Sculpin,YOY,1,25,,,
220628CP3,Unidentified Sculpin,YOY,1,25,,,
220628CP3,Unidentified Sculpin,YOY,1,21,,,
220628CP3,Unidentified Sculpin,YOY,1,30,,,
220628CP3,Unidentified Sculpin,YOY,1,20,,,
220628CP3,Unidentified Sculpin,YOY,1,25,,,
220628CP3,Unidentified Sculpin,YOY,1,26,,,
220628CP3,Unidentified Sculpin,YOY,1,30,,,
220628CP3,Unidentified Sculpin,YOY,85,,,,
220628CP3,Padded Sculpin,,1,86,,,
220628CP3,Padded Sculpin,,1,63,,,
220628CP3,Sturgeon Poacher,YOY,1,25,,,
220628CP3,Sturgeon Poacher,YOY,1,25,,,
220628CP3,Sturgeon Poacher,YOY,1,24,,,
220628CP3,Sturgeon Poacher,YOY,1,29,,,
220628CP3,Sturgeon Poacher,YOY,1,20,,,
220628CP3,Sturgeon Poacher,YOY,1,21,,,
220628CP3,Sturgeon Poacher,YOY,1,20,,,
220628CP3,Sturgeon Poacher,YOY,1,26,,,
220628CP3,Sturgeon Poacher,YOY,1,23,,,
220628CP3,Sturgeon Poacher,YOY,1,30,,,
220628CP3,Sturgeon Poacher,YOY,1,32,,,
220628CP3,Sturgeon Poacher,YOY,9,,,,
220628CP3,Pacific Sand Lance,YOY,1,41,,,
220628CP3,Pacific Sand Lance,YOY,1,40,,,
220628CP3,Pacific Sand Lance,YOY,1,43,,,
220628CP3,Pacific Sand Lance,YOY,1,42,,,
220628CP3,Pacific Sand Lance,YOY,1,25,,,
220628CP3,Pacific Sand Lance,YOY,1,39,,,
220628CP3,Pacific Sand Lance,YOY,1,36,,,
220628CP3,Pacific Sand Lance,YOY,1,38,,,
220628CP3,Pacific Sand Lance,YOY,1,40,,,
220628CP3,Pacific Sand Lance,YOY,1,35,,,
220628CP3,Pacific Sand Lance,YOY,1,36,,,
220628CP3,Pacific Sand Lance,YOY,1,37,,,
220628CP3,Pacific Sand Lance,YOY,1,35,,,
220628CP3,Pacific Sand Lance,YOY,1,40,,,
220628CP3,Pacific Sand Lance,YOY,1,36,,,
220628CP3,Pacific Sand Lance,YOY,1,35,,,
220628CP3,Pacific Sand Lance,YOY,1,37,,,
220628CP3,Pacific Sand Lance,YOY,1,44,,,
220628CP3,Pacific Sand Lance,YOY,1,34,,,
220628CP3,Pacific Sand Lance,YOY,1,40,,,
220628CP3,Pacific Sand Lance,YOY,1,35,,,
220628CP3,Pacific Sand Lance,YOY,1,39,,,
220628CP3,Pacific Sand Lance,YOY,1,34,,,
220628CP3,Pacific Sand Lance,YOY,1,36,,,
220628CP3,Pacific Sand Lance,YOY,1,37,,,
220628CP3,Pacific Sand Lance,YOY,1,40,,,
220628CP3,Pacific Sand Lance,YOY,1,37,,,
220628CP3,Pacific Sand Lance,YOY,1,37,,,
220628CP3,Pacific Sand Lance,YOY,1,36,,,
220628CP3,Sand Shrimp,,1,38,,,
220628CP3,Sand Shrimp,,1,46,,,
220628CP3,Sand Shrimp,,1,32,,,
220628CP3,Sand Shrimp,,1,45,,,
220628CP3,Sand Shrimp,,1,51,,,
220628CP3,Sand Shrimp,,1,37,,,
220628CP3,Sand Shrimp,,1,38,,,
220628CP3,Sand Shrimp,,1,37,,,
220628CP3,Sand Shrimp,,1,46,,,
220628CP3,Sand Shrimp,,1,40,,,
220628CP3,Sand Shrimp,,1,62,,,
220628CP3,Sand Shrimp,,1,53,,,
220628CP3,Sand Shrimp,,1,33,,,
220628CP3,Sand Shrimp,,1,43,,,
220628CP3,Sand Shrimp,,1,37,,,
220628CP3,Sand Shrimp,,1,40,,,
220628CP3,Sand Shrimp,,1,53,,,
220628CP3,Sand Shrimp,,1,42,,,
220628CP3,Sand Shrimp,,1,43,,,
220628CP3,Sand Shrimp,,1,57,,,
220628CP3,Sand Shrimp,,1,54,,,
220628CP3,Sand Shrimp,,1,40,,,
220628CP3,Sand Shrimp,,1,50,,,
220628CP3,Sand Shrimp,,1,55,,,
220628CP3,Sand Shrimp,,1,45,,,
220628CP3,Sand Shrimp,,1,47,,,
220628CP3,Sand Shrimp,,1,50,,,
220628CP3,Sand Shrimp,,1,40,,,
220628CP3,Sand Shrimp,,1,45,,,
220628CP3,Sand Shrimp,,1,39,,,
220628CP3,Rock Sole,,1,38,,,
220628CP3,Rock Sole,,1,85,,,
220628CP3,Pacific Halibut,Juvenile,1,35,,,
220628CP3,Pacific Halibut,Juvenile,1,46,,,
220628CP3,Pacific Halibut,Juvenile,1,46,,,
220628CP3,Pacific Halibut,Juvenile,1,39,,,
220628CP3,Pacific Halibut,Juvenile,1,34,,,
220628CP3,Pacific Halibut,Juvenile,1,50,,,
220628CP3,Pacific Halibut,Juvenile,1,44,,,
220628CP3,Pacific Halibut,Juvenile,1,40,,,
220628CP3,Pacific Halibut,Juvenile,1,35,,,
220628CP3,Pacific Halibut,Juvenile,1,50,,,
220628CP3,Pacific Halibut,Juvenile,1,36,,,
220628CP3,Pacific Halibut,Juvenile,1,43,,,
220628CP3,Pacific Halibut,Juvenile,1,46,,,
220628CP3,Great Sculpin,,1,37,,,
220628CP3,Great Sculpin,,1,36,,,
220628CP3,Great Sculpin,,1,32,,,
220628CP3,Great Sculpin,,1,34,,,
220628CP3,Pacific Herring,YOY,1,31,,,
,,,,,,,
,,,,,,,
,,,,,,,
,,,,,,,
,,,,,,,
,,,,,,,
,,,,,,,
,,,,,,,
,,,,,,,
,,,,,,,
,,,,,,,
,,,,,,,
,,,,,,,
,,,,,,,
,,,,,,,
,,,,,,,
,,,,,,,
,,,,,,,
,,,,,,,
,,,,,,,
,,,,,,,
,,,,,,,
,,,,,,,
,,,,,,,
,,,,,,,
,,,,,,,
,,,,,,,
,,,,,,,
,,,,,,,
,,,,,,,
,,,,,,,
,,,,,,,
,,,,,,,
,,,,,,,
,,,,,,,
,,,,,,,
,,,,,,,
,,,,,,,
,,,,,,,
,,,,,,,
,,,,,,,
,,,,,,,
,,,,,,,
,,,,,,,
,,,,,,,
,,,,,,,
,,,,,,,
,,,,,,,
,,,,,,,
,,,,,,,
,,,,,,,
,,,,,,,
,,,,,,,
,,,,,,,
,,,,,,,
,,,,,,,
,,,,,,,
,,,,,,,
,,,,,,,
,,,,,,,
,,,,,,,
,,,,,,,
,,,,,,,
,,,,,,,
,,,,,,,
,,,,,,,
,,,,,,,
,,,,,,,
,,,,,,,
,,,,,,,
,,,,,,,
,,,,,,,
,,,,,,,
,,,,,,,
,,,,,,,
,,,,,,,
,,,,,,,
,,,,,,,
,,,,,,,
,,,,,,,
,,,,,,,
,,,,,,,
,,,,,,,
,,,,,,,
,,,,,,,
,,,,,,,
,,,,,,,
,,,,,,,
,,,,,,,
,,,,,,,
,,,,,,,
,,,,,,,
,,,,,,,
,,,,,,,
,,,,,,,
,,,,,,,
,,,,,,,
,,,,,,,
,,,,,,,
,,,,,,,
,,,,,,,
,,,,,,,
,,,,,,,
,,,,,,,
,,,,,,,
,,,,,,,
,,,,,,,
,,,,,,,
,,,,,,,
,,,,,,,
,,,,,,,
,,,,,,,
,,,,,,,
,,,,,,,
,,,,,,,
,,,,,,,
,,,,,,,
,,,,,,,
,,,,,,,
,,,,,,,
,,,,,,,
,,,,,,,
,,,,,,,
,,,,,,,
,,,,,,,
,,,,,,,
,,,,,,,
,,,,,,,
,,,,,,,
,,,,,,,
,,,,,,,
,,,,,,,
,,,,,,,
,,,,,,,
,,,,,,,
,,,,,,,
,,,,,,,
,,,,,,,
,,,,,,,
,,,,,,,
,,,,,,,
,,,,,,,
,,,,,,,
,,,,,,,
,,,,,,,
,,,,,,,
,,,,,,,
,,,,,,,
,,,,,,,
,,,,,,,
,,,,,,,
,,,,,,,
,,,,,,,
,,,,,,,
,,,,,,,
,,,,,,,
,,,,,,,
,,,,,,,
,,,,,,,
,,,,,,,
,,,,,,,
,,,,,,,
,,,,,,,
,,,,,,,
,,,,,,,
,,,,,,,
,,,,,,,
,,,,,,,
,,,,,,,
,,,,,,,
,,,,,,,
,,,,,,,
,,,,,,,
,,,,,,,
,,,,,,,
,,,,,,,
,,,,,,,
,,,,,,,
,,,,,,,
,,,,,,,
,,,,,,,
,,,,,,,
,,,,,,,
,,,,,,,
,,,,,,,
,,,,,,,
,,,,,,,
,,,,,,,
,,,,,,,
,,,,,,,
,,,,,,,
,,,,,,,
,,,,,,,
,,,,,,,
,,,,,,,
,,,,,,,
,,,,,,,
,,,,,,,
,,,,,,,
,,,,,,,
,,,,,,,
,,,,,,,
,,,,,,,
,,,,,,,
,,,,,,,
,,,,,,,
,,,,,,,
,,,,,,,
,,,,,,,
,,,,,,,
,,,,,,,
,,,,,,,
,,,,,,,
,,,,,,,
,,,,,,,
,,,,,,,
,,,,,,,
,,,,,,,
,,,,,,,
,,,,,,,
,,,,,,,
,,,,,,,
,,,,,,,
,,,,,,,
,,,,,,,
,,,,,,,
,,,,,,,
,,,,,,,
,,,,,,,
,,,,,,,
,,,,,,,
,,,,,,,
,,,,,,,
,,,,,,,
,,,,,,,
,,,,,,,
,,,,,,,
,,,,,,,
,,,,,,,
,,,,,,,
,,,,,,,
,,,,,,,
,,,,,,,
,,,,,,,
,,,,,,,
,,,,,,,
,,,,,,,
,,,,,,,
,,,,,,,
,,,,,,,
,,,,,,,
,,,,,,,
,,,,,,,
,,,,,,,
,,,,,,,
,,,,,,,
,,,,,,,
,,,,,,,
,,,,,,,
,,,,,,,
,,,,,,,
,,,,,,,
,,,,,,,
,,,,,,,
,,,,,,,
,,,,,,,
,,,,,,,
,,,,,,,
,,,,,,,
,,,,,,,
,,,,,,,
,,,,,,,
,,,,,,,
,,,,,,,
,,,,,,,
,,,,,,,
,,,,,,,
,,,,,,,
,,,,,,,
,,,,,,,
,,,,,,,
,,,,,,,
,,,,,,,
,,,,,,,
,,,,,,,
,,,,,,,
,,,,,,,
,,,,,,,
,,,,,,,
,,,,,,,
,,,,,,,
,,,,,,,
,,,,,,,
,,,,,,,
,,,,,,,
,,,,,,,
,,,,,,,
,,,,,,,
,,,,,,,
,,,,,,,
,,,,,,,
,,,,,,,
,,,,,,,
,,,,,,,
,,,,,,,
,,,,,,,
,,,,,,,
,,,,,,,
,,,,,,,
,,,,,,,
,,,,,,,
,,,,,,,
,,,,,,,
,,,,,,,
,,,,,,,
,,,,,,,
,,,,,,,
,,,,,,,
,,,,,,,
,,,,,,,
,,,,,,,
,,,,,,,
,,,,,,,
,,,,,,,
,,,,,,,
,,,,,,,
,,,,,,,
,,,,,,,
,,,,,,,
,,,,,,,
,,,,,,,
,,,,,,,
,,,,,,,
,,,,,,,
,,,,,,,
,,,,,,,
,,,,,,,
,,,,,,,
,,,,,,,
,,,,,,,
,,,,,,,
,,,,,,,
,,,,,,,
,,,,,,,
,,,,,,,
,,,,,,,
,,,,,,,
,,,,,,,
,,,,,,,
,,,,,,,
,,,,,,,
,,,,,,,
,,,,,,,
,,,,,,,
,,,,,,,
,,,,,,,
,,,,,,,
,,,,,,,
,,,,,,,
,,,,,,,
,,,,,,,
,,,,,,,
,,,,,,,
,,,,,,,
,,,,,,,
,,,,,,,
,,,,,,,
,,,,,,,
,,,,,,,
,,,,,,,
,,,,,,,
,,,,,,,
,,,,,,,
,,,,,,,
,,,,,,,
,,,,,,,
,,,,,,,
,,,,,,,
,,,,,,,
,,,,,,,
,,,,,,,
,,,,,,,
,,,,,,,
,,,,,,,
,,,,,,,
,,,,,,,
,,,,,,,
,,,,,,,
,,,,,,,
,,,,,,,
,,,,,,,
,,,,,,,
,,,,,,,
,,,,,,,
,,,,,,,
,,,,,,,
,,,,,,,
,,,,,,,
,,,,,,,
,,,,,,,
,,,,,,,
,,,,,,,
,,,,,,,
,,,,,,,
,,,,,,,
,,,,,,,
,,,,,,,
,,,,,,,
,,,,,,,
,,,,,,,
,,,,,,,
,,,,,,,
,,,,,,,
,,,,,,,
,,,,,,,
,,,,,,,
,,,,,,,
,,,,,,,
,,,,,,,
,,,,,,,
,,,,,,,
,,,,,,,
,,,,,,,
,,,,,,,
,,,,,,,
,,,,,,,
,,,,,,,
,,,,,,,
,,,,,,,
,,,,,,,
,,,,,,,
,,,,,,,
,,,,,,,
,,,,,,,
,,,,,,,
,,,,,,,
,,,,,,,
,,,,,,,
,,,,,,,
,,,,,,,
,,,,,,,
,,,,,,,
,,,,,,,
,,,,,,,
,,,,,,,
,,,,,,,
,,,,,,,
,,,,,,,
,,,,,,,
,,,,,,,
,,,,,,,
,,,,,,,
,,,,,,,
,,,,,,,
,,,,,,,
,,,,,,,
,,,,,,,
,,,,,,,
,,,,,,,
,,,,,,,
,,,,,,,
,,,,,,,
,,,,,,,
,,,,,,,
,,,,,,,
,,,,,,,
,,,,,,,
,,,,,,,
,,,,,,,
,,,,,,,
,,,,,,,
,,,,,,,
,,,,,,,
,,,,,,,
,,,,,,,
,,,,,,,
,,,,,,,
,,,,,,,
,,,,,,,
,,,,,,,
,,,,,,,
,,,,,,,
,,,,,,,
,,,,,,,
,,,,,,,
,,,,,,,
,,,,,,,
,,,,,,,
,,,,,,,
,,,,,,,
,,,,,,,
,,,,,,,
,,,,,,,
,,,,,,,
,,,,,,,
,,,,,,,
,,,,,,,
,,,,,,,
,,,,,,,
,,,,,,,
,,,,,,,
,,,,,,,
,,,,,,,
,,,,,,,
,,,,,,,
,,,,,,,
,,,,,,,
,,,,,,,
,,,,,,,
,,,,,,,
,,,,,,,
,,,,,,,
,,,,,,,
,,,,,,,
,,,,,,,
,,,,,,,
,,,,,,,
,,,,,,,
,,,,,,,
,,,,,,,
,,,,,,,
,,,,,,,
,,,,,,,
,,,,,,,
,,,,,,,
,,,,,,,
,,,,,,,
,,,,,,,
,,,,,,,
,,,,,,,
,,,,,,,
,,,,,,,
,,,,,,,
,,,,,,,
,,,,,,,
,,,,,,,
,,,,,,,
,,,,,,,
,,,,,,,
,,,,,,,
,,,,,,,
,,,,,,,
,,,,,,,
,,,,,,,
,,,,,,,
,,,,,,,
,,,,,,,
,,,,,,,
,,,,,,,
,,,,,,,
,,,,,,,
,,,,,,,
,,,,,,,
,,,,,,,
,,,,,,,
,,,,,,,
,,,,,,,
,,,,,,,
,,,,,,,
,,,,,,,
,,,,,,,
,,,,,,,
,,,,,,,
,,,,,,,
,,,,,,,
,,,,,,,
,,,,,,,
,,,,,,,
,,,,,,,
,,,,,,,
,,,,,,,
,,,,,,,
,,,,,,,
,,,,,,,
,,,,,,,
,,,,,,,
,,,,,,,
,,,,,,,
,,,,,,,
,,,,,,,
,,,,,,,
,,,,,,,
,,,,,,,
,,,,,,,
,,,,,,,
,,,,,,,
,,,,,,,
,,,,,,,
,,,,,,,
,,,,,,,
,,,,,,,
,,,,,,,
,,,,,,,
,,,,,,,
,,,,,,,
,,,,,,,
,,,,,,,
,,,,,,,
,,,,,,,
,,,,,,,
,,,,,,,
,,,,,,,
,,,,,,,
,,,,,,,
,,,,,,,
,,,,,,,
,,,,,,,
,,,,,,,
,,,,,,,
,,,,,,,
,,,,,,,
,,,,,,,
,,,,,,,
,,,,,,,
,,,,,,,
,,,,,,,
,,,,,,,
,,,,,,,
,,,,,,,
,,,,,,,
,,,,,,,
,,,,,,,
,,,,,,,
,,,,,,,
,,,,,,,
,,,,,,,
,,,,,,,
,,,,,,,
,,,,,,,
,,,,,,,
,,,,,,,
,,,,,,,
,,,,,,,
,,,,,,,
,,,,,,,
,,,,,,,
,,,,,,,
,,,,,,,
,,,,,,,
,,,,,,,
,,,,,,,
,,,,,,,
,,,,,,,
,,,,,,,
,,,,,,,
,,,,,,,
,,,,,,,
,,,,,,,
,,,,,,,
,,,,,,,
,,,,,,,
,,,,,,,
,,,,,,,
,,,,,,,
,,,,,,,
,,,,,,,
,,,,,,,
,,,,,,,
,,,,,,,
,,,,,,,
,,,,,,,
,,,,,,,
,,,,,,,
,,,,,,,
,,,,,,,
,,,,,,,
,,,,,,,
,,,,,,,
,,,,,,,
,,,,,,,
,,,,,,,
,,,,,,,
,,,,,,,
,,,,,,,
,,,,,,,
,,,,,,,
,,,,,,,
,,,,,,,
,,,,,,,
,,,,,,,
,,,,,,,
,,,,,,,
,,,,,,,
,,,,,,,
,,,,,,,
,,,,,,,
,,,,,,,
,,,,,,,
,,,,,,,
,,,,,,,
,,,,,,,
,,,,,,,
,,,,,,,
,,,,,,,
,,,,,,,
,,,,,,,
,,,,,,,
,,,,,,,
,,,,,,,
,,,,,,,
,,,,,,,
,,,,,,,
,,,,,,,
,,,,,,,
,,,,,,,
,,,,,,,
,,,,,,,
,,,,,,,
,,,,,,,
,,,,,,,
,,,,,,,
,,,,,,,
,,,,,,,
,,,,,,,
,,,,,,,
,,,,,,,
,,,,,,,
,,,,,,,
,,,,,,,
,,,,,,,
,,,,,,,
,,,,,,,
,,,,,,,
,,,,,,,
,,,,,,,
,,,,,,,
,,,,,,,
,,,,,,,
,,,,,,,
,,,,,,,
,,,,,,,
,,,,,,,
,,,,,,,
,,,,,,,
,,,,,,,
,,,,,,,
,,,,,,,
,,,,,,,
,,,,,,,
,,,,,,,
,,,,,,,
,,,,,,,
,,,,,,,
,,,,,,,
,,,,,,,
,,,,,,,
,,,,,,,
,,,,,,,
,,,,,,,
,,,,,,,
,,,,,,,
,,,,,,,
,,,,,,,
,,,,,,,
,,,,,,,
,,,,,,,
,,,,,,,
,,,,,,,
,,,,,,,
,,,,,,,
,,,,,,,
,,,,,,,
,,,,,,,
,,,,,,,
,,,,,,,
,,,,,,,
,,,,,,,
,,,,,,,
,,,,,,,
,,,,,,,
,,,,,,,
,,,,,,,
,,,,,,,
,,,,,,,
,,,,,,,
,,,,,,,
,,,,,,,
,,,,,,,
,,,,,,,
,,,,,,,
,,,,,,,
,,,,,,,
,,,,,,,
,,,,,,,
,,,,,,,
,,,,,,,
,,,,,,,
,,,,,,,
,,,,,,,
,,,,,,,
,,,,,,,
,,,,,,,
,,,,,,,
,,,,,,,
,,,,,,,
,,,,,,,
,,,,,,,
,,,,,,,
,,,,,,,
,,,,,,,
,,,,,,,
,,,,,,,
,,,,,,,
,,,,,,,
,,,,,,,
,,,,,,,
,,,,,,,
,,,,,,,
,,,,,,,
,,,,,,,
,,,,,,,
,,,,,,,
,,,,,,,
,,,,,,,
,,,,,,,
,,,,,,,
,,,,,,,
,,,,,,,
,,,,,,,
,,,,,,,
,,,,,,,
,,,,,,,
,,,,,,,
,,,,,,,
,,,,,,,
,,,,,,,
,,,,,,,
,,,,,,,
,,,,,,,
,,,,,,,
,,,,,,,
,,,,,,,
,,,,,,,
,,,,,,,
,,,,,,,
,,,,,,,
,,,,,,,
,,,,,,,
,,,,,,,
,,,,,,,
,,,,,,,
,,,,,,,
,,,,,,,
,,,,,,,
,,,,,,,
,,,,,,,
,,,,,,,
,,,,,,,
,,,,,,,
,,,,,,,
,,,,,,,
,,,,,,,
,,,,,,,
,,,,,,,
,,,,,,,
,,,,,,,
,,,,,,,
,,,,,,,
,,,,,,,
,,,,,,,
,,,,,,,
,,,,,,,
,,,,,,,
,,,,,,,
,,,,,,,
,,,,,,,
,,,,,,,
,,,,,,,
,,,,,,,
,,,,,,,
,,,,,,,
,,,,,,,
,,,,,,,
,,,,,,,
,,,,,,,
,,,,,,,
,,,,,,,
,,,,,,,
,,,,,,,
,,,,,,,
,,,,,,,
,,,,,,,
,,,,,,,
,,,,,,,
,,,,,,,
,,,,,,,
,,,,,,,
,,,,,,,
,,,,,,,
,,,,,,,
,,,,,,,
,,,,,,,
,,,,,,,
,,,,,,,
,,,,,,,
,,,,,,,
,,,,,,,
,,,,,,,
,,,,,,,
,,,,,,,
,,,,,,,
,,,,,,,
,,,,,,,
,,,,,,,
,,,,,,,
,,,,,,,
,,,,,,,
,,,,,,,
,,,,,,,
,,,,,,,
,,,,,,,
,,,,,,,
,,,,,,,
,,,,,,,
,,,,,,,
,,,,,,,
,,,,,,,
,,,,,,,
,,,,,,,
,,,,,,,
,,,,,,,
,,,,,,,
,,,,,,,
,,,,,,,
,,,,,,,
,,,,,,,
,,,,,,,
,,,,,,,
,,,,,,,
,,,,,,,
,,,,,,,
,,,,,,,
,,,,,,,
,,,,,,,
,,,,,,,
,,,,,,,
,,,,,,,
,,,,,,,
,,,,,,,
,,,,,,,
,,,,,,,
,,,,,,,
,,,,,,,
,,,,,,,
,,,,,,,
,,,,,,,
,,,,,,,
,,,,,,,
,,,,,,,
,,,,,,,
,,,,,,,
,,,,,,,
,,,,,,,
,,,,,,,
,,,,,,,
,,,,,,,
,,,,,,,
,,,,,,,
,,,,,,,
,,,,,,,
,,,,,,,
,,,,,,,
,,,,,,,
,,,,,,,
,,,,,,,
,,,,,,,
,,,,,,,
,,,,,,,
,,,,,,,
,,,,,,,
,,,,,,,
,,,,,,,
,,,,,,,
,,,,,,,
,,,,,,,
,,,,,,,
,,,,,,,
,,,,,,,
,,,,,,,
,,,,,,,
,,,,,,,
,,,,,,,
,,,,,,,
,,,,,,,
,,,,,,,
,,,,,,,
,,,,,,,
,,,,,,,
,,,,,,,
,,,,,,,
,,,,,,,
,,,,,,,
,,,,,,,
,,,,,,,
,,,,,,,
,,,,,,,
,,,,,,,
,,,,,,,
,,,,,,,
,,,,,,,
,,,,,,,
,,,,,,,
,,,,,,,
,,,,,,,
,,,,,,,
,,,,,,,
,,,,,,,
,,,,,,,
,,,,,,,
,,,,,,,
,,,,,,,
,,,,,,,
,,,,,,,
,,,,,,,
,,,,,,,
,,,,,,,
,,,,,,,
,,,,,,,
,,,,,,,
,,,,,,,
,,,,,,,
,,,,,,,
,,,,,,,
,,,,,,,
,,,,,,,
,,,,,,,
,,,,,,,
,,,,,,,
,,,,,,,
,,,,,,,
,,,,,,,
,,,,,,,
,,,,,,,
,,,,,,,
,,,,,,,
,,,,,,,
,,,,,,,
,,,,,,,
,,,,,,,
,,,,,,,
,,,,,,,
,,,,,,,
,,,,,,,
,,,,,,,
,,,,,,,
,,,,,,,
,,,,,,,
,,,,,,,
,,,,,,,
,,,,,,,
,,,,,,,
,,,,,,,
,,,,,,,
,,,,,,,
,,,,,,,
,,,,,,,
,,,,,,,
,,,,,,,
,,,,,,,
,,,,,,,
,,,,,,,
,,,,,,,
,,,,,,,
,,,,,,,
,,,,,,,
,,,,,,,
,,,,,,,
,,,,,,,
,,,,,,,
,,,,,,,
,,,,,,,
,,,,,,,
,,,,,,,
,,,,,,,
,,,,,,,
,,,,,,,
,,,,,,,
,,,,,,,
,,,,,,,
,,,,,,,
,,,,,,,
,,,,,,,
,,,,,,,
,,,,,,,
,,,,,,,
,,,,,,,
,,,,,,,
,,,,,,,
,,,,,,,
,,,,,,,
,,,,,,,
,,,,,,,
,,,,,,,
,,,,,,,
,,,,,,,
,,,,,,,
,,,,,,,
,,,,,,,
,,,,,,,
,,,,,,,
,,,,,,,
,,,,,,,
,,,,,,,
,,,,,,,
,,,,,,,
,,,,,,,
,,,,,,,
,,,,,,,
,,,,,,,
,,,,,,,
,,,,,,,
,,,,,,,
,,,,,,,
,,,,,,,
,,,,,,,
,,,,,,,
,,,,,,,
,,,,,,,
,,,,,,,
,,,,,,,
,,,,,,,
,,,,,,,
,,,,,,,
,,,,,,,
,,,,,,,
,,,,,,,
,,,,,,,
,,,,,,,
,,,,,,,
,,,,,,,
,,,,,,,
,,,,,,,
,,,,,,,
,,,,,,,
,,,,,,,
,,,,,,,
,,,,,,,
,,,,,,,
,,,,,,,
,,,,,,,
,,,,,,,
,,,,,,,
,,,,,,,
,,,,,,,
,,,,,,,
,,,,,,,
,,,,,,,
,,,,,,,
,,,,,,,
,,,,,,,
,,,,,,,
,,,,,,,
,,,,,,,
,,,,,,,
,,,,,,,
,,,,,,,
,,,,,,,
,,,,,,,
,,,,,,,
,,,,,,,
,,,,,,,
,,,,,,,
,,,,,,,
,,,,,,,
,,,,,,,
,,,,,,,
,,,,,,,
,,,,,,,
,,,,,,,
,,,,,,,
,,,,,,,
,,,,,,,
,,,,,,,
,,,,,,,
,,,,,,,
,,,,,,,
,,,,,,,
,,,,,,,
,,,,,,,
,,,,,,,
,,,,,,,
,,,,,,,
,,,,,,,
,,,,,,,
,,,,,,,
,,,,,,,
,,,,,,,
,,,,,,,
,,,,,,,
,,,,,,,
,,,,,,,
,,,,,,,
,,,,,,,
,,,,,,,
,,,,,,,
,,,,,,,
,,,,,,,
,,,,,,,
,,,,,,,
,,,,,,,
,,,,,,,
,,,,,,,
,,,,,,,
,,,,,,,
,,,,,,,
,,,,,,,
,,,,,,,
,,,,,,,
,,,,,,,
,,,,,,,
,,,,,,,
,,,,,,,
,,,,,,,
,,,,,,,
,,,,,,,
,,,,,,,
,,,,,,,
,,,,,,,
,,,,,,,
,,,,,,,
,,,,,,,
,,,,,,,
,,,,,,,
,,,,,,,
,,,,,,,
,,,,,,,
,,,,,,,
,,,,,,,
,,,,,,,
,,,,,,,
,,,,,,,
,,,,,,,
,,,,,,,
,,,,,,,
,,,,,,,
,,,,,,,
,,,,,,,
,,,,,,,
,,,,,,,
,,,,,,,
,,,,,,,
,,,,,,,
,,,,,,,
,,,,,,,
,,,,,,,
,,,,,,,
,,,,,,,
,,,,,,,
,,,,,,,
,,,,,,,
,,,,,,,
,,,,,,,
,,,,,,,
,,,,,,,
,,,,,,,
,,,,,,,
,,,,,,,
,,,,,,,
,,,,,,,
,,,,,,,
,,,,,,,
,,,,,,,
,,,,,,,
,,,,,,,
,,,,,,,
,,,,,,,
,,,,,,,
,,,,,,,
,,,,,,,
,,,,,,,
,,,,,,,
,,,,,,,
,,,,,,,
,,,,,,,
,,,,,,,
,,,,,,,
,,,,,,,
,,,,,,,
,,,,,,,
,,,,,,,
,,,,,,,
,,,,,,,
,,,,,,,
,,,,,,,
,,,,,,,
,,,,,,,
,,,,,,,
,,,,,,,
,,,,,,,
,,,,,,,
,,,,,,,
,,,,,,,
,,,,,,,
,,,,,,,
,,,,,,,
,,,,,,,
,,,,,,,
,,,,,,,
,,,,,,,
,,,,,,,
,,,,,,,
,,,,,,,
,,,,,,,
,,,,,,,
,,,,,,,
,,,,,,,
,,,,,,,
,,,,,,,
,,,,,,,
,,,,,,,
,,,,,,,
,,,,,,,
,,,,,,,
,,,,,,,
,,,,,,,
,,,,,,,
,,,,,,,
,,,,,,,
,,,,,,,
,,,,,,,
,,,,,,,
,,,,,,,
,,,,,,,
,,,,,,,
,,,,,,,
,,,,,,,
,,,,,,,
,,,,,,,
,,,,,,,
,,,,,,,
,,,,,,,
,,,,,,,
,,,,,,,
,,,,,,,
,,,,,,,
,,,,,,,
,,,,,,,
,,,,,,,
,,,,,,,
,,,,,,,
,,,,,,,
,,,,,,,
,,,,,,,
,,,,,,,
,,,,,,,
,,,,,,,
,,,,,,,
,,,,,,,
,,,,,,,
,,,,,,,
,,,,,,,
,,,,,,,
,,,,,,,
,,,,,,,
,,,,,,,
,,,,,,,
,,,,,,,
,,,,,,,
,,,,,,,
,,,,,,,
,,,,,,,
,,,,,,,
,,,,,,,
,,,,,,,
,,,,,,,
,,,,,,,
,,,,,,,
,,,,,,,
,,,,,,,
,,,,,,,
,,,,,,,
,,,,,,,
,,,,,,,
,,,,,,,
,,,,,,,
,,,,,,,
,,,,,,,
,,,,,,,
,,,,,,,
,,,,,,,
,,,,,,,
,,,,,,,
,,,,,,,
,,,,,,,
,,,,,,,
,,,,,,,
,,,,,,,
,,,,,,,
,,,,,,,
,,,,,,,
,,,,,,,
,,,,,,,
,,,,,,,
,,,,,,,
,,,,,,,
,,,,,,,
,,,,,,,
,,,,,,,
,,,,,,,
,,,,,,,
,,,,,,,
,,,,,,,
,,,,,,,
,,,,,,,
,,,,,,,
,,,,,,,
,,,,,,,
,,,,,,,
,,,,,,,
,,,,,,,
,,,,,,,
,,,,,,,
,,,,,,,
,,,,,,,
,,,,,,,
,,,,,,,
,,,,,,,
,,,,,,,
,,,,,,,
,,,,,,,
,,,,,,,
,,,,,,,
,,,,,,,
,,,,,,,
,,,,,,,
,,,,,,,
,,,,,,,
,,,,,,,
,,,,,,,
,,,,,,,
,,,,,,,
,,,,,,,
,,,,,,,
,,,,,,,
,,,,,,,
,,,,,,,
,,,,,,,
,,,,,,,
,,,,,,,
,,,,,,,
,,,,,,,
,,,,,,,
,,,,,,,
,,,,,,,
,,,,,,,
,,,,,,,
,,,,,,,
,,,,,,,
,,,,,,,
,,,,,,,
,,,,,,,
,,,,,,,
,,,,,,,
,,,,,,,
,,,,,,,
,,,,,,,
,,,,,,,
,,,,,,,
,,,,,,,
,,,,,,,
,,,,,,,
,,,,,,,
,,,,,,,
,,,,,,,
,,,,,,,
,,,,,,,
,,,,,,,
,,,,,,,
,,,,,,,
,,,,,,,
,,,,,,,
,,,,,,,
,,,,,,,
,,,,,,,
,,,,,,,
,,,,,,,
,,,,,,,
,,,,,,,
,,,,,,,
,,,,,,,
,,,,,,,
,,,,,,,
,,,,,,,
,,,,,,,
,,,,,,,
,,,,,,,
,,,,,,,
,,,,,,,
,,,,,,,
,,,,,,,
,,,,,,,
,,,,,,,
,,,,,,,
,,,,,,,
,,,,,,,
,,,,,,,
,,,,,,,
,,,,,,,
,,,,,,,
,,,,,,,
,,,,,,,
,,,,,,,
,,,,,,,
,,,,,,,
,,,,,,,
,,,,,,,
,,,,,,,
,,,,,,,
,,,,,,,
,,,,,,,
,,,,,,,
,,,,,,,
,,,,,,,
,,,,,,,
,,,,,,,
,,,,,,,
,,,,,,,
,,,,,,,
,,,,,,,
,,,,,,,
,,,,,,,
,,,,,,,
,,,,,,,
,,,,,,,
,,,,,,,
,,,,,,,
,,,,,,,
,,,,,,,
,,,,,,,
,,,,,,,
,,,,,,,
,,,,,,,
,,,,,,,
,,,,,,,
,,,,,,,
,,,,,,,
,,,,,,,
,,,,,,,
,,,,,,,
,,,,,,,
,,,,,,,
,,,,,,,
,,,,,,,
,,,,,,,
,,,,,,,
,,,,,,,
,,,,,,,
,,,,,,,
,,,,,,,
,,,,,,,
,,,,,,,
,,,,,,,
,,,,,,,
,,,,,,,
,,,,,,,
,,,,,,,
,,,,,,,
,,,,,,,
,,,,,,,
,,,,,,,
,,,,,,,
,,,,,,,
,,,,,,,
,,,,,,,
,,,,,,,
,,,,,,,
,,,,,,,
,,,,,,,
,,,,,,,
,,,,,,,
,,,,,,,
,,,,,,,
,,,,,,,
,,,,,,,
,,,,,,,
,,,,,,,
,,,,,,,
,,,,,,,
,,,,,,,
,,,,,,,
,,,,,,,
,,,,,,,
,,,,,,,
,,,,,,,
,,,,,,,
,,,,,,,
,,,,,,,
,,,,,,,
,,,,,,,
,,,,,,,
,,,,,,,
,,,,,,,
,,,,,,,
,,,,,,,
,,,,,,,
,,,,,,,
,,,,,,,
,,,,,,,
,,,,,,,
,,,,,,,
,,,,,,,
,,,,,,,
,,,,,,,
,,,,,,,
,,,,,,,
,,,,,,,
,,,,,,,
,,,,,,,
,,,,,,,
,,,,,,,
,,,,,,,
,,,,,,,
,,,,,,,
,,,,,,,
,,,,,,,
,,,,,,,
,,,,,,,
,,,,,,,
,,,,,,,
,,,,,,,
,,,,,,,
,,,,,,,
,,,,,,,
,,,,,,,
,,,,,,,
,,,,,,,
,,,,,,,
,,,,,,,
,,,,,,,
,,,,,,,
,,,,,,,
,,,,,,,
,,,,,,,
,,,,,,,
,,,,,,,
,,,,,,,
,,,,,,,
,,,,,,,
,,,,,,,
,,,,,,,
,,,,,,,
,,,,,,,
,,,,,,,
,,,,,,,
,,,,,,,
,,,,,,,
,,,,,,,
,,,,,,,
,,,,,,,
,,,,,,,
,,,,,,,
,,,,,,,
,,,,,,,
,,,,,,,
,,,,,,,
,,,,,,,
,,,,,,,
,,,,,,,
,,,,,,,
,,,,,,,
,,,,,,,
,,,,,,,
,,,,,,,
,,,,,,,
,,,,,,,
,,,,,,,
,,,,,,,
,,,,,,,
,,,,,,,
,,,,,,,
,,,,,,,
,,,,,,,
,,,,,,,
,,,,,,,
,,,,,,,
,,,,,,,
,,,,,,,
,,,,,,,
,,,,,,,
,,,,,,,
,,,,,,,
,,,,,,,
,,,,,,,
,,,,,,,
,,,,,,,
,,,,,,,
,,,,,,,
,,,,,,,
,,,,,,,
,,,,,,,
,,,,,,,
,,,,,,,
,,,,,,,
,,,,,,,
,,,,,,,
,,,,,,,
,,,,,,,
,,,,,,,
,,,,,,,
,,,,,,,
,,,,,,,
,,,,,,,
,,,,,,,
,,,,,,,
,,,,,,,
,,,,,,,
,,,,,,,
,,,,,,,
,,,,,,,
,,,,,,,
,,,,,,,
,,,,,,,
,,,,,,,
,,,,,,,
,,,,,,,
,,,,,,,
,,,,,,,
,,,,,,,
,,,,,,,
,,,,,,,
,,,,,,,
,,,,,,,
,,,,,,,
,,,,,,,
,,,,,,,
,,,,,,,
,,,,,,,
,,,,,,,
,,,,,,,
,,,,,,,
,,,,,,,
,,,,,,,
,,,,,,,
,,,,,,,
,,,,,,,
,,,,,,,
,,,,,,,
,,,,,,,
,,,,,,,
,,,,,,,
,,,,,,,
,,,,,,,
,,,,,,,
,,,,,,,
,,,,,,,
,,,,,,,
,,,,,,,
,,,,,,,
,,,,,,,
,,,,,,,
,,,,,,,
,,,,,,,
,,,,,,,
,,,,,,,
,,,,,,,
,,,,,,,
,,,,,,,
,,,,,,,
,,,,,,,
,,,,,,,
,,,,,,,
,,,,,,,
,,,,,,,
,,,,,,,
,,,,,,,
,,,,,,,
,,,,,,,
,,,,,,,
,,,,,,,
,,,,,,,
,,,,,,,
,,,,,,,
,,,,,,,
,,,,,,,
,,,,,,,
,,,,,,,
,,,,,,,
,,,,,,,
,,,,,,,
,,,,,,,
,,,,,,,
,,,,,,,
,,,,,,,
,,,,,,,
,,,,,,,
,,,,,,,
,,,,,,,
,,,,,,,
,,,,,,,
,,,,,,,
,,,,,,,
,,,,,,,
,,,,,,,
,,,,,,,
,,,,,,,
,,,,,,,
,,,,,,,
,,,,,,,
,,,,,,,
,,,,,,,
,,,,,,,
,,,,,,,
,,,,,,,
,,,,,,,
,,,,,,,
,,,,,,,
,,,,,,,
,,,,,,,
,,,,,,,
,,,,,,,
,,,,,,,
,,,,,,,
,,,,,,,
,,,,,,,